id,box_orig,box_n,doc,# language,,,doc_filename,fecha_orig,"description_excel_divided
",_material,year,keywords,_height,_width,_time,_description,xidold,nombre_nuevo,rvtipo_esp,,content category,filename_orig_,description_filename_orig,th_filename,,tkb_subido,tkb_textto_regiones,tkb_etiquetas_tags,,kg_en_proceso,kg_relaciones,kg_entidades
0,box_55,55,1,,,p1,,"July 1971, November 1971",,correspondencefromstartoftheproject,box_55,official letter,,,,correspondence from start of the project,sbc_b_55_correspondencefromstartoftheproject_p_00_high.jpg,sbc_b_55_correspondencefromstartoftheproject_p_00_high.jpg,carta_oficial,tw,docuimento de tres puntos convenio corfo y staffor beer detallando pagos,staffordbeercollectioncorrespondencefromstartoftheproject_p_00.tiff,correspondencefromstartoftheproject,sbc_b_55_correspondencefromstartoftheproject_p_00_th.png,,v,v,,,,,
1,box_55,55,1,,,p2,,"July 1971, November 1971",,correspondencefromstartoftheproject,box_55,official letter,,,,correspondence from start of the project,sbc_b_55_correspondencefromstartoftheproject_p_01_high.jpg,sbc_b_55_correspondencefromstartoftheproject_p_01_high.jpg,carta_oficial,tw,carta beer a flores,staffordbeercollectioncorrespondencefromstartoftheproject_p_01.tiff,correspondencefromstartoftheproject,sbc_b_55_correspondencefromstartoftheproject_p_01_th.png,,v,v,,,,,
2,box_55,55,1,,,p3,,"July 1971, November 1971",,correspondencefromstartoftheproject,box_55,official letter,,,,correspondence from start of the project,sbc_b_55_correspondencefromstartoftheproject_p_02_high.jpg,sbc_b_55_correspondencefromstartoftheproject_p_02_high.jpg,carta_oficial,tw,carta beer a flores,staffordbeercollectioncorrespondencefromstartoftheproject_p_02.tiff,correspondencefromstartoftheproject,sbc_b_55_correspondencefromstartoftheproject_p_02_th.png,,v,v,,,,,
3,box_55,55,2,,,p1,,"July 1971, November 1971",,correspondencefromstartoftheprojectthumbnail,box_55,other,,,,correspondence from start of the project thumbnail,sbc_b_55_correspondencefromstartoftheprojectthumbnail_p_00_high.jpg,sbc_b_55_correspondencefromstartoftheprojectthumbnail_p_00_high.jpg,otro,ot,portada carpeta plastica,staffordbeercollectioncorrespondencefromstartoftheprojectthumbnail_p_00.tiff,correspondencefromstartoftheprojectthumbnail,sbc_b_55_correspondencefromstartoftheprojectthumbnail_p_00_th.png,,r,r,,,,,
4,box_55,55,3,,,,,12/04/72,,letterstopresidentallende,box_55,official letter,,,,letters to president allende,sbc_b_55_letterstopresidentallende_p_00_high.jpg,sbc_b_55_letterstopresidentallende_p_00_high.jpg,carta_oficial,tw,letters to presiden tallende comentando que esta orgulloso de ayudar. ,staffordbeercollectionletterstopresidentallende_p_00.tiff,letterstopresidentallende,sbc_b_55_letterstopresidentallende_p_00_th.png,,v,,,,,,
5,box_55,55,3,,,,,30/05/72,,letterstopresidentallende,box_55,official letter,,,,letters to president allende,sbc_b_55_letterstopresidentallende_p_01_high.jpg,sbc_b_55_letterstopresidentallende_p_01_high.jpg,carta_oficial,tw,,staffordbeercollectionletterstopresidentallende_p_01.tiff,letterstopresidentallende,sbc_b_55_letterstopresidentallende_p_01_th.png,,v,,,,,,
6,box_55,55,3,,,,,02/08/73,,letterstopresidentallende,box_55,official letter,,,,letters to president allende,sbc_b_55_letterstopresidentallende_p_02_high.jpg,sbc_b_55_letterstopresidentallende_p_02_high.jpg,carta_oficial,tw,,staffordbeercollectionletterstopresidentallende_p_02.tiff,letterstopresidentallende,sbc_b_55_letterstopresidentallende_p_02_th.png,,v,,,,,,
7,box_55,55,3,,,,,03/08/73,,letterstopresidentallende,box_55,official letter,,,,letters to president allende,sbc_b_55_letterstopresidentallende_p_03_high.jpg,sbc_b_55_letterstopresidentallende_p_03_high.jpg,carta_oficial,,,staffordbeercollectionletterstopresidentallende_p_03.tiff,letterstopresidentallende,sbc_b_55_letterstopresidentallende_p_03_th.png,,v,,,,,,
8,box_55,55,3,,,,,03/08/73,,letterstopresidentallende,box_55,official letter,,,,letters to president allende,sbc_b_55_letterstopresidentallende_p_04_high.jpg,sbc_b_55_letterstopresidentallende_p_04_high.jpg,carta_oficial,,,staffordbeercollectionletterstopresidentallende_p_04.tiff,letterstopresidentallende,sbc_b_55_letterstopresidentallende_p_04_th.png,,v,,,,,,
9,box_55,55,4,,,p1,,11/1/1971,,notesfromfirstvisitgeneralnotes,box_55,manuscript,,,,notes from first visit general notes,sbc_b_55_notesfromfirstvisitgeneralnotes_p_00_high.jpg,sbc_b_55_notesfromfirstvisitgeneralnotes_p_00_high.jpg,manuscrito,hw,texto breve como ortada sobre La Civilization au carrefour de Radovan Richta,staffordbeercollectionnotesfromfirstvisitgeneralnotes_p_00.tiff,notesfromfirstvisitgeneralnotes,sbc_b_55_notesfromfirstvisitgeneralnotes_p_00_th.png,,v,,,,,,
10,box_55,55,4,,,,,11/1/1971,,notesfromfirstvisitgeneralnotes,box_55,manuscript,,,,notes from first visit general notes,sbc_b_55_notesfromfirstvisitgeneralnotes_p_01_high.jpg,sbc_b_55_notesfromfirstvisitgeneralnotes_p_01_high.jpg,manuscrito,hw,,staffordbeercollectionnotesfromfirstvisitgeneralnotes_p_01.tiff,notesfromfirstvisitgeneralnotes,sbc_b_55_notesfromfirstvisitgeneralnotes_p_01_th.png,,v,,,,,,
11,box_55,55,4,,,,,11/1/1971,,notesfromfirstvisitgeneralnotes,box_55,manuscript,,,,notes from first visit general notes,sbc_b_55_notesfromfirstvisitgeneralnotes_p_02_high.jpg,sbc_b_55_notesfromfirstvisitgeneralnotes_p_02_high.jpg,manuscrito,,,staffordbeercollectionnotesfromfirstvisitgeneralnotes_p_02.tiff,notesfromfirstvisitgeneralnotes,sbc_b_55_notesfromfirstvisitgeneralnotes_p_02_th.png,,v,,,,,,
12,box_55,55,4,,,,,11/1/1971,,notesfromfirstvisitgeneralnotes,box_55,manuscript,,,,notes from first visit general notes,sbc_b_55_notesfromfirstvisitgeneralnotes_p_03_high.jpg,sbc_b_55_notesfromfirstvisitgeneralnotes_p_03_high.jpg,manuscrito,,,staffordbeercollectionnotesfromfirstvisitgeneralnotes_p_03.tiff,notesfromfirstvisitgeneralnotes,sbc_b_55_notesfromfirstvisitgeneralnotes_p_03_th.png,,v,,,,,,
13,box_55,55,4,,,,,11/1/1971,,notesfromfirstvisitgeneralnotes,box_55,manuscript,,,,notes from first visit general notes,sbc_b_55_notesfromfirstvisitgeneralnotes_p_04_high.jpg,sbc_b_55_notesfromfirstvisitgeneralnotes_p_04_high.jpg,manuscrito,,,staffordbeercollectionnotesfromfirstvisitgeneralnotes_p_04.tiff,notesfromfirstvisitgeneralnotes,sbc_b_55_notesfromfirstvisitgeneralnotes_p_04_th.png,,v,,,,,,
14,box_55,55,4,,,,,11/1/1971,,notesfromfirstvisitgeneralnotes,box_55,manuscript,,,,notes from first visit general notes,sbc_b_55_notesfromfirstvisitgeneralnotes_p_05_high.jpg,sbc_b_55_notesfromfirstvisitgeneralnotes_p_05_high.jpg,manuscrito,,,staffordbeercollectionnotesfromfirstvisitgeneralnotes_p_05.tiff,notesfromfirstvisitgeneralnotes,sbc_b_55_notesfromfirstvisitgeneralnotes_p_05_th.png,,v,,,,,,
15,box_55,55,4,,,,,11/1/1971,,notesfromfirstvisitgeneralnotes,box_55,hand-drawn_diagram,,,,notes from first visit general notes,sbc_b_55_notesfromfirstvisitgeneralnotes_p_06_high.jpg,sbc_b_55_notesfromfirstvisitgeneralnotes_p_06_high.jpg,diagrama_manuscrito,hd,,staffordbeercollectionnotesfromfirstvisitgeneralnotes_p_06.tiff,notesfromfirstvisitgeneralnotes,sbc_b_55_notesfromfirstvisitgeneralnotes_p_06_th.png,,v,,,,,,
16,box_55,55,4,,,,,11/1/1971,,notesfromfirstvisitgeneralnotes,box_55,manuscript,,,,notes from first visit general notes,sbc_b_55_notesfromfirstvisitgeneralnotes_p_07_high.jpg,sbc_b_55_notesfromfirstvisitgeneralnotes_p_07_high.jpg,manuscrito,,,staffordbeercollectionnotesfromfirstvisitgeneralnotes_p_07.tiff,notesfromfirstvisitgeneralnotes,sbc_b_55_notesfromfirstvisitgeneralnotes_p_07_th.png,,v,,,,,,
17,box_55,55,4,,,,,11/1/1971,,notesfromfirstvisitgeneralnotes,box_55,hand-drawn_diagram,,,,notes from first visit general notes,sbc_b_55_notesfromfirstvisitgeneralnotes_p_08_high.jpg,sbc_b_55_notesfromfirstvisitgeneralnotes_p_08_high.jpg,diagrama_manuscrito,,,staffordbeercollectionnotesfromfirstvisitgeneralnotes_p_08.tiff,notesfromfirstvisitgeneralnotes,sbc_b_55_notesfromfirstvisitgeneralnotes_p_08_th.png,,v,,,,,,
18,box_55,55,4,,,,,11/1/1971,,notesfromfirstvisitgeneralnotes,box_55,manuscript,,,,notes from first visit general notes,sbc_b_55_notesfromfirstvisitgeneralnotes_p_09_high.jpg,sbc_b_55_notesfromfirstvisitgeneralnotes_p_09_high.jpg,manuscrito,,,staffordbeercollectionnotesfromfirstvisitgeneralnotes_p_09.tiff,notesfromfirstvisitgeneralnotes,sbc_b_55_notesfromfirstvisitgeneralnotes_p_09_th.png,,v,,,,,,
19,box_55,55,4,,,,,11/1/1971,,notesfromfirstvisitgeneralnotes,box_55,manuscript,,,,notes from first visit general notes,sbc_b_55_notesfromfirstvisitgeneralnotes_p_10_high.jpg,sbc_b_55_notesfromfirstvisitgeneralnotes_p_10_high.jpg,manuscrito,,,staffordbeercollectionnotesfromfirstvisitgeneralnotes_p_10.tiff,notesfromfirstvisitgeneralnotes,sbc_b_55_notesfromfirstvisitgeneralnotes_p_10_th.png,,v,,,,,,
20,box_55,55,4,,,,,11/1/1971,,notesfromfirstvisitgeneralnotes,box_55,manuscript,,,,notes from first visit general notes,sbc_b_55_notesfromfirstvisitgeneralnotes_p_11_high.jpg,sbc_b_55_notesfromfirstvisitgeneralnotes_p_11_high.jpg,manuscrito,,,staffordbeercollectionnotesfromfirstvisitgeneralnotes_p_11.tiff,notesfromfirstvisitgeneralnotes,sbc_b_55_notesfromfirstvisitgeneralnotes_p_11_th.png,,v,,,,,,
21,box_55,55,4,,,,,11/1/1971,,notesfromfirstvisitgeneralnotes,box_55,manuscript,,,,notes from first visit general notes,sbc_b_55_notesfromfirstvisitgeneralnotes_p_12_high.jpg,sbc_b_55_notesfromfirstvisitgeneralnotes_p_12_high.jpg,manuscrito,,,staffordbeercollectionnotesfromfirstvisitgeneralnotes_p_12.tiff,notesfromfirstvisitgeneralnotes,sbc_b_55_notesfromfirstvisitgeneralnotes_p_12_th.png,,v,,,,,,
22,box_55,55,4,,,,,11/1/1971,,notesfromfirstvisitgeneralnotes,box_55,manuscript,,,,notes from first visit general notes,sbc_b_55_notesfromfirstvisitgeneralnotes_p_13_high.jpg,sbc_b_55_notesfromfirstvisitgeneralnotes_p_13_high.jpg,manuscrito,,,staffordbeercollectionnotesfromfirstvisitgeneralnotes_p_13.tiff,notesfromfirstvisitgeneralnotes,sbc_b_55_notesfromfirstvisitgeneralnotes_p_13_th.png,,v,,,,,,
23,box_55,55,4,,,,,11/1/1971,,notesfromfirstvisitgeneralnotes,box_55,manuscript,,,,notes from first visit general notes,sbc_b_55_notesfromfirstvisitgeneralnotes_p_14_high.jpg,sbc_b_55_notesfromfirstvisitgeneralnotes_p_14_high.jpg,manuscrito,,,staffordbeercollectionnotesfromfirstvisitgeneralnotes_p_14.tiff,notesfromfirstvisitgeneralnotes,sbc_b_55_notesfromfirstvisitgeneralnotes_p_14_th.png,,v,,,,,,
24,box_55,55,4,,,,,11/1/1971,,notesfromfirstvisitgeneralnotes,box_55,manuscript,,,,notes from first visit general notes,sbc_b_55_notesfromfirstvisitgeneralnotes_p_15_high.jpg,sbc_b_55_notesfromfirstvisitgeneralnotes_p_15_high.jpg,manuscrito,,,staffordbeercollectionnotesfromfirstvisitgeneralnotes_p_15.tiff,notesfromfirstvisitgeneralnotes,sbc_b_55_notesfromfirstvisitgeneralnotes_p_15_th.png,,v,,,,,,
25,box_55,55,4,,,,,11/1/1971,,notesfromfirstvisitgeneralnotes,box_55,manuscript,,,,notes from first visit general notes,sbc_b_55_notesfromfirstvisitgeneralnotes_p_16_high.jpg,sbc_b_55_notesfromfirstvisitgeneralnotes_p_16_high.jpg,manuscrito,,,staffordbeercollectionnotesfromfirstvisitgeneralnotes_p_16.tiff,notesfromfirstvisitgeneralnotes,sbc_b_55_notesfromfirstvisitgeneralnotes_p_16_th.png,,v,,,,,,
26,box_55,55,4,,,,,11/1/1971,,notesfromfirstvisitgeneralnotes,box_55,manuscript,,,,notes from first visit general notes,sbc_b_55_notesfromfirstvisitgeneralnotes_p_17_high.jpg,sbc_b_55_notesfromfirstvisitgeneralnotes_p_17_high.jpg,manuscrito,,,staffordbeercollectionnotesfromfirstvisitgeneralnotes_p_17.tiff,notesfromfirstvisitgeneralnotes,sbc_b_55_notesfromfirstvisitgeneralnotes_p_17_th.png,,v,,,,,,
27,box_55,55,4,,,,,11/1/1971,,notesfromfirstvisitgeneralnotes,box_55,manuscript,,,,notes from first visit general notes,sbc_b_55_notesfromfirstvisitgeneralnotes_p_18_high.jpg,sbc_b_55_notesfromfirstvisitgeneralnotes_p_18_high.jpg,manuscrito,,,staffordbeercollectionnotesfromfirstvisitgeneralnotes_p_18.tiff,notesfromfirstvisitgeneralnotes,sbc_b_55_notesfromfirstvisitgeneralnotes_p_18_th.png,,v,,,,,,
28,box_55,55,4,,,,,11/1/1971,,notesfromfirstvisitgeneralnotes,box_55,manuscript,,,,notes from first visit general notes,sbc_b_55_notesfromfirstvisitgeneralnotes_p_19_high.jpg,sbc_b_55_notesfromfirstvisitgeneralnotes_p_19_high.jpg,manuscrito,,,staffordbeercollectionnotesfromfirstvisitgeneralnotes_p_19.tiff,notesfromfirstvisitgeneralnotes,sbc_b_55_notesfromfirstvisitgeneralnotes_p_19_th.png,,v,,,,,,
29,box_55,55,4,,,,,11/1/1971,,notesfromfirstvisitgeneralnotes,box_55,manuscript,,,,notes from first visit general notes,sbc_b_55_notesfromfirstvisitgeneralnotes_p_20_high.jpg,sbc_b_55_notesfromfirstvisitgeneralnotes_p_20_high.jpg,manuscrito,,,staffordbeercollectionnotesfromfirstvisitgeneralnotes_p_20.tiff,notesfromfirstvisitgeneralnotes,sbc_b_55_notesfromfirstvisitgeneralnotes_p_20_th.png,,v,,,,,,
30,box_55,55,5,,,p1,,11/1/1971,,notesfromfirstvisitindustrialopsdivision,box_55,manuscript,,,,notesfromfirstvisitindustrial ops division,sbc_b_55_notesfromfirstvisitindustrialopsdivision_p_00_high.jpg,sbc_b_55_notesfromfirstvisitindustrialopsdivision_p_00_high.jpg,manuscrito,,,staffordbeercollectionnotesfromfirstvisitindustrialopsdivision_p_00.tiff,notesfromfirstvisitindustrialopsdivision,sbc_b_55_notesfromfirstvisitindustrialopsdivision_p_00_th.png,,v,,,,,,
31,box_55,55,5,,,,,11/1/1971,,notesfromfirstvisitindustrialopsdivision,box_55,manuscript,,,,notes from first visit industrial ops division,sbc_b_55_notesfromfirstvisitindustrialopsdivision_p_01_high.jpg,sbc_b_55_notesfromfirstvisitindustrialopsdivision_p_01_high.jpg,manuscrito,,,staffordbeercollectionnotesfromfirstvisitindustrialopsdivision_p_01.tiff,notesfromfirstvisitindustrialopsdivision,sbc_b_55_notesfromfirstvisitindustrialopsdivision_p_01_th.png,,v,,,,,,
32,box_55,55,5,,,,,11/1/1971,,notesfromfirstvisitindustrialopsdivision,box_55,manuscript,,,,notes from first visit industrial ops division,sbc_b_55_notesfromfirstvisitindustrialopsdivision_p_02_high.jpg,sbc_b_55_notesfromfirstvisitindustrialopsdivision_p_02_high.jpg,manuscrito,,,staffordbeercollectionnotesfromfirstvisitindustrialopsdivision_p_02.tiff,notesfromfirstvisitindustrialopsdivision,sbc_b_55_notesfromfirstvisitindustrialopsdivision_p_02_th.png,,v,,,,,,
33,box_55,55,5,,,,,11/1/1971,,notesfromfirstvisitindustrialopsdivision,box_55,hand-drawn_diagram,,,,notes from first visit industrial ops division,sbc_b_55_notesfromfirstvisitindustrialopsdivision_p_03_high.jpg,sbc_b_55_notesfromfirstvisitindustrialopsdivision_p_03_high.jpg,diagrama_manuscrito,,,staffordbeercollectionnotesfromfirstvisitindustrialopsdivision_p_03.tiff,notesfromfirstvisitindustrialopsdivision,sbc_b_55_notesfromfirstvisitindustrialopsdivision_p_03_th.png,,v,,,,,,
34,box_55,55,5,,,,,11/1/1971,,notesfromfirstvisitindustrialopsdivision,box_55,hand-drawn_diagram,,,,notes from first visit industrial ops division,sbc_b_55_notesfromfirstvisitindustrialopsdivision_p_04_high.jpg,sbc_b_55_notesfromfirstvisitindustrialopsdivision_p_04_high.jpg,diagrama_manuscrito,,,staffordbeercollectionnotesfromfirstvisitindustrialopsdivision_p_04.tiff,notesfromfirstvisitindustrialopsdivision,sbc_b_55_notesfromfirstvisitindustrialopsdivision_p_04_th.png,,v,,,,,,
35,box_55,55,5,,,,,11/1/1971,,notesfromfirstvisitindustrialopsdivision,box_55,manuscript,,,,notes from first visit industrial ops division,sbc_b_55_notesfromfirstvisitindustrialopsdivision_p_05_high.jpg,sbc_b_55_notesfromfirstvisitindustrialopsdivision_p_05_high.jpg,manuscrito,,,staffordbeercollectionnotesfromfirstvisitindustrialopsdivision_p_05.tiff,notesfromfirstvisitindustrialopsdivision,sbc_b_55_notesfromfirstvisitindustrialopsdivision_p_05_th.png,,v,,,,,,
36,box_55,55,5,,,,,11/1/1971,,notesfromfirstvisitindustrialopsdivision,box_55,manuscript,,,,notes from first visit industrial ops division,sbc_b_55_notesfromfirstvisitindustrialopsdivision_p_06_high.jpg,sbc_b_55_notesfromfirstvisitindustrialopsdivision_p_06_high.jpg,manuscrito,,,staffordbeercollectionnotesfromfirstvisitindustrialopsdivision_p_06.tiff,notesfromfirstvisitindustrialopsdivision,sbc_b_55_notesfromfirstvisitindustrialopsdivision_p_06_th.png,,v,,,,,,
37,box_55,55,5,,,,,11/1/1971,,notesfromfirstvisitindustrialopsdivision,box_55,manuscript,,,,notes from first visit industrial ops division,sbc_b_55_notesfromfirstvisitindustrialopsdivision_p_07_high.jpg,sbc_b_55_notesfromfirstvisitindustrialopsdivision_p_07_high.jpg,manuscrito,,,staffordbeercollectionnotesfromfirstvisitindustrialopsdivision_p_07.tiff,notesfromfirstvisitindustrialopsdivision,sbc_b_55_notesfromfirstvisitindustrialopsdivision_p_07_th.png,,v,,,,,,
38,box_55,55,6,,,p1,,no date,,photographsoftheteam,box_55,photo,,,,photographs of the team,sbc_b_55_photographsoftheteam_p_00_high.jpg,sbc_b_55_photographsoftheteam_p_00_high.jpg,foto,ph,foros describir independientemente. ,staffordbeercollectionphotographsoftheteam_p_00.tiff,photographsoftheteam,sbc_b_55_photographsoftheteam_p_00_th.png,,r,,,,,,
39,box_55,55,6,,,,,no date,,photographsoftheteam,box_55,photo,,,,photographs of the team,sbc_b_55_photographsoftheteam_p_01_high.jpg,sbc_b_55_photographsoftheteam_p_01_high.jpg,foto,ph,,staffordbeercollectionphotographsoftheteam_p_01.tiff,photographsoftheteam,sbc_b_55_photographsoftheteam_p_01_th.png,,r,,,,,,
40,box_55,55,6,,,,,no date,,photographsoftheteam,box_55,photo,,,,photographs of the team,sbc_b_55_photographsoftheteam_p_02_high.jpg,sbc_b_55_photographsoftheteam_p_02_high.jpg,foto,ph,,staffordbeercollectionphotographsoftheteam_p_02.tiff,photographsoftheteam,sbc_b_55_photographsoftheteam_p_02_th.png,,r,,,,,,
41,box_55,55,6,,,,,no date,,photographsoftheteam,box_55,photo,,,,photographs of the team,sbc_b_55_photographsoftheteam_p_03_high.jpg,sbc_b_55_photographsoftheteam_p_03_high.jpg,foto,ph,,staffordbeercollectionphotographsoftheteam_p_03.tiff,photographsoftheteam,sbc_b_55_photographsoftheteam_p_03_th.png,,r,,,,,,
42,box_55,55,6,,,,,no date,,photographsoftheteam,box_55,photo,,,,photographs of the team,sbc_b_55_photographsoftheteam_p_04_high.jpg,sbc_b_55_photographsoftheteam_p_04_high.jpg,foto,ph,,staffordbeercollectionphotographsoftheteam_p_04.tiff,photographsoftheteam,sbc_b_55_photographsoftheteam_p_04_th.png,,r,,,,,,
43,box_55,55,6,,,,,no date,,photographsoftheteam,box_55,photo,,,,photographs of the team,sbc_b_55_photographsoftheteam_p_05_high.jpg,sbc_b_55_photographsoftheteam_p_05_high.jpg,foto,ph,,staffordbeercollectionphotographsoftheteam_p_05.tiff,photographsoftheteam,sbc_b_55_photographsoftheteam_p_05_th.png,,r,,,,,,
44,box_55,55,6,,,,,no date,,photographsoftheteam,box_55,photo,,,,photographs of the team,sbc_b_55_photographsoftheteam_p_06_high.jpg,sbc_b_55_photographsoftheteam_p_06_high.jpg,foto,ph,,staffordbeercollectionphotographsoftheteam_p_06.tiff,photographsoftheteam,sbc_b_55_photographsoftheteam_p_06_th.png,,r,,,,,,
45,box_55,55,6,,,,,no date,,photographsoftheteam,box_55,photo,,,,photographs of the team,sbc_b_55_photographsoftheteam_p_07_high.jpg,sbc_b_55_photographsoftheteam_p_07_high.jpg,foto,ph,,staffordbeercollectionphotographsoftheteam_p_07.tiff,photographsoftheteam,sbc_b_55_photographsoftheteam_p_07_th.png,,r,,,,,,
46,box_55,55,6,,,,,no date,,photographsoftheteam,box_55,photo,,,,photographs of the team,sbc_b_55_photographsoftheteam_p_08_high.jpg,sbc_b_55_photographsoftheteam_p_08_high.jpg,foto,ph,,staffordbeercollectionphotographsoftheteam_p_08.tiff,photographsoftheteam,sbc_b_55_photographsoftheteam_p_08_th.png,,r,,,,,,
47,box_55,55,6,,,,,no date,,photographsoftheteam,box_55,photo,,,,photographs of the team,sbc_b_55_photographsoftheteam_p_09_high.jpg,sbc_b_55_photographsoftheteam_p_09_high.jpg,foto,ph,,staffordbeercollectionphotographsoftheteam_p_09.tiff,photographsoftheteam,sbc_b_55_photographsoftheteam_p_09_th.png,,r,,,,,,
48,box_55,55,6,,,,,no date,,photographsoftheteam,box_55,photo,,,,photographs of the team,sbc_b_55_photographsoftheteam_p_10_high.jpg,sbc_b_55_photographsoftheteam_p_10_high.jpg,foto,ph,,staffordbeercollectionphotographsoftheteam_p_10.tiff,photographsoftheteam,sbc_b_55_photographsoftheteam_p_10_th.png,,r,,,,,,
49,box_55,55,6,,,,,no date,,photographsoftheteam,box_55,photo,,,,photographs of the team,sbc_b_55_photographsoftheteam_p_11_high.jpg,sbc_b_55_photographsoftheteam_p_11_high.jpg,foto,ph,,staffordbeercollectionphotographsoftheteam_p_11.tiff,photographsoftheteam,sbc_b_55_photographsoftheteam_p_11_th.png,,r,,,,,,
50,box_55,55,6,,,,,no date,,photographsoftheteam,box_55,photo,,,,photographs of the team,sbc_b_55_photographsoftheteam_p_12_high.jpg,sbc_b_55_photographsoftheteam_p_12_high.jpg,foto,ph,,staffordbeercollectionphotographsoftheteam_p_12.tiff,photographsoftheteam,sbc_b_55_photographsoftheteam_p_12_th.png,,r,,,,,,
51,box_55,55,7,,,p1,,4/28/1972,,photographsoftheteamcorrespondencefromstartofprojectletterfrompresalle,box_55,official letter,,,,photographs of the team correspondence from start of project letter from pres allende,sbc_b_55_photographsoftheteamcorrespondencefromstartofprojectletterfrompresallende01_high.jpg,sbc_b_55_photographsoftheteamcorrespondencefromstartofprojectletterfrompresallende01_high.jpg,carta_oficial,tw,,staffordbeercollectionphotographsoftheteamcorrespondencefromstartofprojectletterfrompresallende01.tiff,photographsoftheteamcorrespondencefromstartofprojectletterfrompresalle,sbc_b_55_photographsoftheteamcorrespondencefromstartofprojectletterfrompresallende01_th.png,,v,,,,,,
52,box_55,55,7,,,,,4/28/1972,,photographsoftheteamcorrespondencefromstartofprojectletterfrompresalle,box_55,official letter,,,,photographs of the team correspondence from start of project letter from pres allende,sbc_b_55_photographsoftheteamcorrespondencefromstartofprojectletterfrompresallende02_high.jpg,sbc_b_55_photographsoftheteamcorrespondencefromstartofprojectletterfrompresallende02_high.jpg,carta_oficial,tw,,staffordbeercollectionphotographsoftheteamcorrespondencefromstartofprojectletterfrompresallende02.tiff,photographsoftheteamcorrespondencefromstartofprojectletterfrompresalle,sbc_b_55_photographsoftheteamcorrespondencefromstartofprojectletterfrompresallende02_th.png,,v,,,,,,
53,box_55,55,8,,,p1,,2/15/1973,,photographsoftheteamfernandof,box_55,photo,,,,photographs of the team fernando flores,sbc_b_55_photographsoftheteamfernandoflores_high.jpg,sbc_b_55_photographsoftheteamfernandoflores_high.jpg,foto,ph,"foros describir independientemente. 
",staffordbeercollectionphotographsoftheteamfernandoflores.tiff,photographsoftheteamfernandof,sbc_b_55_photographsoftheteamfernandoflores_th.png,,r,,,,,,
54,box_55,55,8,,,,,11/17/1971,,photographsoftheteamginihermannfer,box_55,photo,,,,photographs of the team gini hermann fernando,sbc_b_55_photographsoftheteamginihermannfernando_high.jpg,sbc_b_55_photographsoftheteamginihermannfernando_high.jpg,foto,ph,,staffordbeercollectionphotographsoftheteamginihermannfernando.tiff,photographsoftheteamginihermannfer,sbc_b_55_photographsoftheteamginihermannfernando_th.png,,r,,,,,,
55,box_55,55,8,,,,,2/15/1973,,photographsoftheteamstaffor,box_55,photo,,,,photographs of the team stafford beer,sbc_b_55_photographsoftheteamstaffordbeer_high.jpg,sbc_b_55_photographsoftheteamstaffordbeer_high.jpg,foto,ph,,staffordbeercollectionphotographsoftheteamstaffordbeer.tiff,photographsoftheteamstaffor,sbc_b_55_photographsoftheteamstaffordbeer_th.png,,r,,,,,,
56,box_55,55,8,,,,,3/1/1972,,photographsoftheteamstaffordbeerandhermanschw,box_55,photo,,,,photographs of the team stafford beer and herman schwember,sbc_b_55_photographsoftheteamstaffordbeerandhermanschwember_high.jpg,sbc_b_55_photographsoftheteamstaffordbeerandhermanschwember_high.jpg,foto,ph,,staffordbeercollectionphotographsoftheteamstaffordbeerandhermanschwember.tiff,photographsoftheteamstaffordbeerandhermanschw,sbc_b_55_photographsoftheteamstaffordbeerandhermanschwember_th.png,,r,,,,,,
57,box_55,55,8,,,,,no date,,photographsoftheteamstaffordbeer,box_55,photo,,,,photographs of the team stafford beer faces,sbc_b_55_photographsoftheteamstaffordbeerfaces_high.jpg,sbc_b_55_photographsoftheteamstaffordbeerfaces_high.jpg,foto,ph,,staffordbeercollectionphotographsoftheteamstaffordbeerfaces.tiff,photographsoftheteamstaffordbeer,sbc_b_55_photographsoftheteamstaffordbeerfaces_th.png,,r,,,,,,
58,box_56,56,9,,,p1,,no date,,cybersynthenewversion,box_56,official_document,,,,cybersyn the new version,sbc_b_56_cybersynthenewversion_p_00_high.jpg,sbc_b_56_cybersynthenewversion_p_00_high.jpg,doc_oficial,,,staffordbeercollectioncybersynthenewversion_p_00.tiff,cybersynthenewversion,sbc_b_56_cybersynthenewversion_p_00_th.png,,v,,,,,,
59,box_56,56,9,,,,,no date,,cybersynthenewversion,box_56,official_document,,,,cybersyn the new version,sbc_b_56_cybersynthenewversion_p_01_high.jpg,sbc_b_56_cybersynthenewversion_p_01_high.jpg,doc_oficial,,,staffordbeercollectioncybersynthenewversion_p_01.tiff,cybersynthenewversion,sbc_b_56_cybersynthenewversion_p_01_th.png,,v,,,,,,
60,box_56,56,9,,,,,no date,,cybersynthenewversion,box_56,official_document,,,,cybersyn the new version,sbc_b_56_cybersynthenewversion_p_02_high.jpg,sbc_b_56_cybersynthenewversion_p_02_high.jpg,doc_oficial,,,staffordbeercollectioncybersynthenewversion_p_02.tiff,cybersynthenewversion,sbc_b_56_cybersynthenewversion_p_02_th.png,,v,,,,,,
61,box_56,56,9,,,,,no date,,cybersynthenewversion,box_56,official_document,,,,cybersyn the new version,sbc_b_56_cybersynthenewversion_p_03_high.jpg,sbc_b_56_cybersynthenewversion_p_03_high.jpg,doc_oficial,,,staffordbeercollectioncybersynthenewversion_p_03.tiff,cybersynthenewversion,sbc_b_56_cybersynthenewversion_p_03_th.png,,v,,,,,,
62,box_56,56,9,,,,,no date,,cybersynthenewversion,box_56,official_document,,,,cybersyn the new version,sbc_b_56_cybersynthenewversion_p_04_high.jpg,sbc_b_56_cybersynthenewversion_p_04_high.jpg,doc_oficial,,,staffordbeercollectioncybersynthenewversion_p_04.tiff,cybersynthenewversion,sbc_b_56_cybersynthenewversion_p_04_th.png,,v,,,,,,
63,box_56,56,9,,,,,no date,,cybersynthenewversion,box_56,official_document,,,,cybersyn the new version,sbc_b_56_cybersynthenewversion_p_05_high.jpg,sbc_b_56_cybersynthenewversion_p_05_high.jpg,doc_oficial,,,staffordbeercollectioncybersynthenewversion_p_05.tiff,cybersynthenewversion,sbc_b_56_cybersynthenewversion_p_05_th.png,,v,,,,,,
64,box_56,56,9,,,,,no date,,cybersynthenewversion,box_56,hand-drawn_diagram,,,,cybersyn the new version,sbc_b_56_cybersynthenewversion_p_06_high.jpg,sbc_b_56_cybersynthenewversion_p_06_high.jpg,diagrama_manuscrito,hd,,staffordbeercollectioncybersynthenewversion_p_06.tiff,cybersynthenewversion,sbc_b_56_cybersynthenewversion_p_06_th.png,,v,,,,,,
65,box_56,56,9,,,,,no date,,cybersynthenewversion,box_56,hand-drawn_diagram,,,,cybersyn the new version,sbc_b_56_cybersynthenewversion_p_07_high.jpg,sbc_b_56_cybersynthenewversion_p_07_high.jpg,diagrama_manuscrito,hd,corregir posiciones cajitas,staffordbeercollectioncybersynthenewversion_p_07.tiff,cybersynthenewversion,sbc_b_56_cybersynthenewversion_p_07_th.png,,r,,,,,,
66,box_57,57,10,,,p1,,22/11/1971,,cyberstridediagrams,box_57,hand-drawn_diagram,,,,cyber strider diagrams,sbc_b_57_cyberstridediagrams_p_00_high.jpg,sbc_b_57_cyberstridediagrams_p_00_high.jpg,diagrama_manuscrito,,,staffordbeercollectioncyberstridediagrams_p_00.tiff,cyberstridediagrams,sbc_b_57_cyberstridediagrams_p_00_th.png,,v,,,,,,
67,box_57,57,10,,,,,22/11/1971,,cyberstridediagrams,box_57,hand-drawn_diagram,,,,cyber strider diagrams,sbc_b_57_cyberstridediagrams_p_01_high.jpg,sbc_b_57_cyberstridediagrams_p_01_high.jpg,diagrama_manuscrito,,,staffordbeercollectioncyberstridediagrams_p_01.tiff,cyberstridediagrams,sbc_b_57_cyberstridediagrams_p_01_th.png,,v,,,,,,
68,box_57,57,10,,,,,22/11/1971,,cyberstridediagrams,box_57,hand-drawn_diagram,,,,cyber strider diagrams,sbc_b_57_cyberstridediagrams_p_02_high.jpg,sbc_b_57_cyberstridediagrams_p_02_high.jpg,diagrama_manuscrito,,,staffordbeercollectioncyberstridediagrams_p_02.tiff,cyberstridediagrams,sbc_b_57_cyberstridediagrams_p_02_th.png,,v,,,,,,
69,box_57,57,11,,,p1,,01/72,,cyberstridepreparations,box_57,official_document,,,,cyber stride preparations,sbc_b_57_cyberstridepreparations_p_00_high.jpg,sbc_b_57_cyberstridepreparations_p_00_high.jpg,doc_oficial,,,staffordbeercollectioncyberstridepreparations_p_00.tiff,cyberstridepreparations,sbc_b_57_cyberstridepreparations_p_00_th.png,,v,,,,,,
70,box_57,57,11,,,,,01/72,,cyberstridepreparations,box_57,official_document,,,,cyber stride preparations,sbc_b_57_cyberstridepreparations_p_01_high.jpg,sbc_b_57_cyberstridepreparations_p_01_high.jpg,doc_oficial,,,staffordbeercollectioncyberstridepreparations_p_01.tiff,cyberstridepreparations,sbc_b_57_cyberstridepreparations_p_01_th.png,,v,,,,,,
71,box_57,57,11,,,,,01/72,,cyberstridepreparations,box_57,official_document,,,,cyber stride preparations,sbc_b_57_cyberstridepreparations_p_02_high.jpg,sbc_b_57_cyberstridepreparations_p_02_high.jpg,doc_oficial,,,staffordbeercollectioncyberstridepreparations_p_02.tiff,cyberstridepreparations,sbc_b_57_cyberstridepreparations_p_02_th.png,,v,,,,,,
72,box_57,57,11,,,,,01/72,,cyberstridepreparations,box_57,official_document,,,,cyber stride preparations,sbc_b_57_cyberstridepreparations_p_03_high.jpg,sbc_b_57_cyberstridepreparations_p_03_high.jpg,doc_oficial,,,staffordbeercollectioncyberstridepreparations_p_03.tiff,cyberstridepreparations,sbc_b_57_cyberstridepreparations_p_03_th.png,,v,,,,,,
73,box_57,57,11,,,,,01/72,,cyberstridepreparations,box_57,official_document,,,,cyber stride preparations,sbc_b_57_cyberstridepreparations_p_04_high.jpg,sbc_b_57_cyberstridepreparations_p_04_high.jpg,doc_oficial,,,staffordbeercollectioncyberstridepreparations_p_04.tiff,cyberstridepreparations,sbc_b_57_cyberstridepreparations_p_04_th.png,,v,,,,,,
74,box_57,57,11,,,,,01/72,,cyberstridepreparations,box_57,official_document,,,,cyber stride preparations,sbc_b_57_cyberstridepreparations_p_05_high.jpg,sbc_b_57_cyberstridepreparations_p_05_high.jpg,doc_oficial,,,staffordbeercollectioncyberstridepreparations_p_05.tiff,cyberstridepreparations,sbc_b_57_cyberstridepreparations_p_05_th.png,,v,,,,,,
75,box_57,57,11,,,,,01/72,,cyberstridepreparations,box_57,official_document,,,,cyber stride preparations,sbc_b_57_cyberstridepreparations_p_06_high.jpg,sbc_b_57_cyberstridepreparations_p_06_high.jpg,doc_oficial,,,staffordbeercollectioncyberstridepreparations_p_06.tiff,cyberstridepreparations,sbc_b_57_cyberstridepreparations_p_06_th.png,,v,,,,,,
76,box_57,57,11,,,,,01/72,,cyberstridepreparations,box_57,official_document,,,,cyber stride preparations,sbc_b_57_cyberstridepreparations_p_07_high.jpg,sbc_b_57_cyberstridepreparations_p_07_high.jpg,doc_oficial,,,staffordbeercollectioncyberstridepreparations_p_07.tiff,cyberstridepreparations,sbc_b_57_cyberstridepreparations_p_07_th.png,,v,,,,,,
77,box_57,57,11,,,,,01/72,,cyberstridepreparations,box_57,official_document,,,,cyber stride preparations,sbc_b_57_cyberstridepreparations_p_08_high.jpg,sbc_b_57_cyberstridepreparations_p_08_high.jpg,doc_oficial,,,staffordbeercollectioncyberstridepreparations_p_08.tiff,cyberstridepreparations,sbc_b_57_cyberstridepreparations_p_08_th.png,,v,,,,,,
78,box_57,57,11,,,,,01/72,,cyberstridepreparations,box_57,official_document,,,,cyber stride preparations,sbc_b_57_cyberstridepreparations_p_09_high.jpg,sbc_b_57_cyberstridepreparations_p_09_high.jpg,doc_oficial,,,staffordbeercollectioncyberstridepreparations_p_09.tiff,cyberstridepreparations,sbc_b_57_cyberstridepreparations_p_09_th.png,,v,,,,,,
79,box_57,57,11,,,,,01/72,,cyberstridepreparations,box_57,official_document,,,,cyber stride preparations,sbc_b_57_cyberstridepreparations_p_10_high.jpg,sbc_b_57_cyberstridepreparations_p_10_high.jpg,doc_oficial,,,staffordbeercollectioncyberstridepreparations_p_10.tiff,cyberstridepreparations,sbc_b_57_cyberstridepreparations_p_10_th.png,,v,,,,,,
80,box_57,57,11,,,,,01/72,,cyberstridepreparations,box_57,official_document,,,,cyber stride preparations,sbc_b_57_cyberstridepreparations_p_11_high.jpg,sbc_b_57_cyberstridepreparations_p_11_high.jpg,doc_oficial,,,staffordbeercollectioncyberstridepreparations_p_11.tiff,cyberstridepreparations,sbc_b_57_cyberstridepreparations_p_11_th.png,,v,,,,,,
81,box_57,57,11,,,,,01/72,,cyberstridepreparations,box_57,official_document,,,,cyber stride preparations,sbc_b_57_cyberstridepreparations_p_12_high.jpg,sbc_b_57_cyberstridepreparations_p_12_high.jpg,doc_oficial,,,staffordbeercollectioncyberstridepreparations_p_12.tiff,cyberstridepreparations,sbc_b_57_cyberstridepreparations_p_12_th.png,,v,,,,,,
82,box_57,57,11,,,,,01/72,,cyberstridepreparations,box_57,official_document,,,,cyber stride preparations,sbc_b_57_cyberstridepreparations_p_13_high.jpg,sbc_b_57_cyberstridepreparations_p_13_high.jpg,doc_oficial,,,staffordbeercollectioncyberstridepreparations_p_13.tiff,cyberstridepreparations,sbc_b_57_cyberstridepreparations_p_13_th.png,,v,,,,,,
83,box_57,57,11,,,,,01/72,,cyberstridepreparations,box_57,official_document,,,,cyber stride preparations,sbc_b_57_cyberstridepreparations_p_14_high.jpg,sbc_b_57_cyberstridepreparations_p_14_high.jpg,doc_oficial,,,staffordbeercollectioncyberstridepreparations_p_14.tiff,cyberstridepreparations,sbc_b_57_cyberstridepreparations_p_14_th.png,,v,,,,,,
84,box_57,57,11,,,,,01/72,,cyberstridepreparations,box_57,official_document,,,,cyber stride preparations,sbc_b_57_cyberstridepreparations_p_15_high.jpg,sbc_b_57_cyberstridepreparations_p_15_high.jpg,doc_oficial,,,staffordbeercollectioncyberstridepreparations_p_15.tiff,cyberstridepreparations,sbc_b_57_cyberstridepreparations_p_15_th.png,,v,,,,,,
85,box_57,57,11,,,,,01/72,,cyberstridepreparations,box_57,official_document,,,,cyber stride preparations,sbc_b_57_cyberstridepreparations_p_16_high.jpg,sbc_b_57_cyberstridepreparations_p_16_high.jpg,doc_oficial,,,staffordbeercollectioncyberstridepreparations_p_16.tiff,cyberstridepreparations,sbc_b_57_cyberstridepreparations_p_16_th.png,,v,,,,,,
86,box_57,57,12,,,p1,,15/03/1972,,cyberstrideprogramsuitefirstread-outwednesday15thmarch,box_57,manuscript,,,,cyber stride program suite first read out wednesday 15th march,sbc_b_57_cyberstrideprogramsuitefirstread-outwednesday15thmarch_p_00_high.jpg,sbc_b_57_cyberstrideprogramsuitefirstread-outwednesday15thmarch_p_00_high.jpg,manuscrito,,,staffordbeercollectioncyberstrideprogramsuitefirstread-outwednesday15thmarch_p_00.tiff,cyberstrideprogramsuitefirstread-outwednesday15thmarch,sbc_b_57_cyberstrideprogramsuitefirstread-outwednesday15thmarch_p_00_th.png,,v,,,,,,
87,box_57,57,12,,,,,15/03/1972,,cyberstrideprogramsuitefirstread-outwednesday15thmarch,box_57,official_document,,,,cyberstride program suite first read-out wednesday 15th march,sbc_b_57_cyberstrideprogramsuitefirstread-outwednesday15thmarch_p_01_high.jpg,sbc_b_57_cyberstrideprogramsuitefirstread-outwednesday15thmarch_p_01_high.jpg,doc_oficial,,,staffordbeercollectioncyberstrideprogramsuitefirstread-outwednesday15thmarch_p_01.tiff,cyberstrideprogramsuitefirstread-outwednesday15thmarch,sbc_b_57_cyberstrideprogramsuitefirstread-outwednesday15thmarch_p_01_th.png,,v,,,,,,
88,box_57,57,12,,,,,15/03/1972,,cyberstrideprogramsuitefirstread-outwednesday15thmarch,box_57,hand-drawn_diagram,,,,cyber stride program suite first read-out wednesday 15 th march,sbc_b_57_cyberstrideprogramsuitefirstread-outwednesday15thmarch_p_02_high.jpg,sbc_b_57_cyberstrideprogramsuitefirstread-outwednesday15thmarch_p_02_high.jpg,diagrama_manuscrito,,,staffordbeercollectioncyberstrideprogramsuitefirstread-outwednesday15thmarch_p_02.tiff,cyberstrideprogramsuitefirstread-outwednesday15thmarch,sbc_b_57_cyberstrideprogramsuitefirstread-outwednesday15thmarch_p_02_th.png,,v,,,,,,
89,box_57,57,12,,,,,15/03/1972,,cyberstrideprogramsuitefirstread-outwednesday15thmarch,box_57,hand-drawn_diagram,,,,cyber stride program suite first read-out wednesday 15th march,sbc_b_57_cyberstrideprogramsuitefirstread-outwednesday15thmarch_p_03_high.jpg,sbc_b_57_cyberstrideprogramsuitefirstread-outwednesday15thmarch_p_03_high.jpg,diagrama_manuscrito,,,staffordbeercollectioncyberstrideprogramsuitefirstread-outwednesday15thmarch_p_03.tiff,cyberstrideprogramsuitefirstread-outwednesday15thmarch,sbc_b_57_cyberstrideprogramsuitefirstread-outwednesday15thmarch_p_03_th.png,,v,,,,,,
90,box_57,57,12,,,,,15/03/1972,,cyberstrideprogramsuitefirstread-outwednesday15thmarch,box_57,hand-drawn_diagram,,,,cyber stride program suite first read-out wednesday 15th march,sbc_b_57_cyberstrideprogramsuitefirstread-outwednesday15thmarch_p_04_high.jpg,sbc_b_57_cyberstrideprogramsuitefirstread-outwednesday15thmarch_p_04_high.jpg,diagrama_manuscrito,,,staffordbeercollectioncyberstrideprogramsuitefirstread-outwednesday15thmarch_p_04.tiff,cyberstrideprogramsuitefirstread-outwednesday15thmarch,sbc_b_57_cyberstrideprogramsuitefirstread-outwednesday15thmarch_p_04_th.png,,v,,,,,,
91,box_57,57,12,,,,,15/03/1972,,cyberstrideprogramsuitefirstread-outwednesday15thmarch,box_57,hand-drawn_diagram,,,,cyber stride program suite first read-out wednesday 15th march,sbc_b_57_cyberstrideprogramsuitefirstread-outwednesday15thmarch_p_05_high.jpg,sbc_b_57_cyberstrideprogramsuitefirstread-outwednesday15thmarch_p_05_high.jpg,diagrama_manuscrito,,,staffordbeercollectioncyberstrideprogramsuitefirstread-outwednesday15thmarch_p_05.tiff,cyberstrideprogramsuitefirstread-outwednesday15thmarch,sbc_b_57_cyberstrideprogramsuitefirstread-outwednesday15thmarch_p_05_th.png,,v,,,,,,
92,box_57,57,12,,,,,15/03/1972,,cyberstrideprogramsuitefirstread-outwednesday15thmarch,box_57,hand-drawn_diagram,,,,cyber stride program suite first read-out wednesday 15th march,sbc_b_57_cyberstrideprogramsuitefirstread-outwednesday15thmarch_p_06_high.jpg,sbc_b_57_cyberstrideprogramsuitefirstread-outwednesday15thmarch_p_06_high.jpg,diagrama_manuscrito,,,staffordbeercollectioncyberstrideprogramsuitefirstread-outwednesday15thmarch_p_06.tiff,cyberstrideprogramsuitefirstread-outwednesday15thmarch,sbc_b_57_cyberstrideprogramsuitefirstread-outwednesday15thmarch_p_06_th.png,,v,,,,,,
93,box_57,57,12,,,,,15/03/1972,,cyberstrideprogramsuitefirstread-outwednesday15thmarch,box_57,hand-drawn_diagram,,,,cyber stride program suite first read-out wednesday 15th march,sbc_b_57_cyberstrideprogramsuitefirstread-outwednesday15thmarch_p_07_high.jpg,sbc_b_57_cyberstrideprogramsuitefirstread-outwednesday15thmarch_p_07_high.jpg,diagrama_manuscrito,,,staffordbeercollectioncyberstrideprogramsuitefirstread-outwednesday15thmarch_p_07.tiff,cyberstrideprogramsuitefirstread-outwednesday15thmarch,sbc_b_57_cyberstrideprogramsuitefirstread-outwednesday15thmarch_p_07_th.png,,v,,,,,,
94,box_57,57,12,,,,,15/03/1972,,cyberstrideprogramsuitefirstread-outwednesday15thmarch,box_57,hand-drawn_diagram,,,,cyberstride program suite first read-out wednesday 15th march,sbc_b_57_cyberstrideprogramsuitefirstread-outwednesday15thmarch_p_08_high.jpg,sbc_b_57_cyberstrideprogramsuitefirstread-outwednesday15thmarch_p_08_high.jpg,diagrama_manuscrito,,,staffordbeercollectioncyberstrideprogramsuitefirstread-outwednesday15thmarch_p_08.tiff,cyberstrideprogramsuitefirstread-outwednesday15thmarch,sbc_b_57_cyberstrideprogramsuitefirstread-outwednesday15thmarch_p_08_th.png,,v,,,,,,
95,box_57,57,12,,,,,15/03/1972,,cyberstrideprogramsuitefirstread-outwednesday15thmarch,box_57,hand-drawn_diagram,,,,cyberstride program suite first read-out wednesday 15th march,sbc_b_57_cyberstrideprogramsuitefirstread-outwednesday15thmarch_p_09_high.jpg,sbc_b_57_cyberstrideprogramsuitefirstread-outwednesday15thmarch_p_09_high.jpg,diagrama_manuscrito,,,staffordbeercollectioncyberstrideprogramsuitefirstread-outwednesday15thmarch_p_09.tiff,cyberstrideprogramsuitefirstread-outwednesday15thmarch,sbc_b_57_cyberstrideprogramsuitefirstread-outwednesday15thmarch_p_09_th.png,,v,,,,,,
96,box_57,57,12,,,,,15/03/1972,,cyberstrideprogramsuitefirstread-outwednesday15thmarch,box_57,hand-drawn_diagram,,,,cyber stride program suite first read-out wednesday 15th march,sbc_b_57_cyberstrideprogramsuitefirstread-outwednesday15thmarch_p_10_high.jpg,sbc_b_57_cyberstrideprogramsuitefirstread-outwednesday15thmarch_p_10_high.jpg,diagrama_manuscrito,,,staffordbeercollectioncyberstrideprogramsuitefirstread-outwednesday15thmarch_p_10.tiff,cyberstrideprogramsuitefirstread-outwednesday15thmarch,sbc_b_57_cyberstrideprogramsuitefirstread-outwednesday15thmarch_p_10_th.png,,v,,,,,,
97,box_57,57,12,,,,,15/03/1972,,cyberstrideprogramsuitefirstread-outwednesday15thmarch,box_57,hand-drawn_diagram,,,,cyber stride program suite first read-out wednesday 15th march,sbc_b_57_cyberstrideprogramsuitefirstread-outwednesday15thmarch_p_11_high.jpg,sbc_b_57_cyberstrideprogramsuitefirstread-outwednesday15thmarch_p_11_high.jpg,diagrama_manuscrito,,,staffordbeercollectioncyberstrideprogramsuitefirstread-outwednesday15thmarch_p_11.tiff,cyberstrideprogramsuitefirstread-outwednesday15thmarch,sbc_b_57_cyberstrideprogramsuitefirstread-outwednesday15thmarch_p_11_th.png,,v,,,,,,
98,box_57,57,12,,,,,15/03/1972,,cyberstrideprogramsuitefirstread-outwednesday15thmarch,box_57,hand-drawn_diagram,,,,cyberstride program suite first read-out wednesday 15th march,sbc_b_57_cyberstrideprogramsuitefirstread-outwednesday15thmarch_p_12_high.jpg,sbc_b_57_cyberstrideprogramsuitefirstread-outwednesday15thmarch_p_12_high.jpg,diagrama_manuscrito,,,staffordbeercollectioncyberstrideprogramsuitefirstread-outwednesday15thmarch_p_12.tiff,cyberstrideprogramsuitefirstread-outwednesday15thmarch,sbc_b_57_cyberstrideprogramsuitefirstread-outwednesday15thmarch_p_12_th.png,,v,,,,,,
99,box_57,57,12,,,,,15/03/1972,,cyberstrideprogramsuitefirstread-outwednesday15thmarch,box_57,hand-drawn_diagram,,,,cyberstride program suite first read-out wednesday 15th march,sbc_b_57_cyberstrideprogramsuitefirstread-outwednesday15thmarch_p_13_high.jpg,sbc_b_57_cyberstrideprogramsuitefirstread-outwednesday15thmarch_p_13_high.jpg,diagrama_manuscrito,,,staffordbeercollectioncyberstrideprogramsuitefirstread-outwednesday15thmarch_p_13.tiff,cyberstrideprogramsuitefirstread-outwednesday15thmarch,sbc_b_57_cyberstrideprogramsuitefirstread-outwednesday15thmarch_p_13_th.png,,v,,,,,,
100,box_57,57,12,,,,,15/03/1972,,cyberstrideprogramsuitefirstread-outwednesday15thmarch,box_57,hand-drawn_diagram,,,,cyberstride program suite first read-out wednesday 15th march,sbc_b_57_cyberstrideprogramsuitefirstread-outwednesday15thmarch_p_14_high.jpg,sbc_b_57_cyberstrideprogramsuitefirstread-outwednesday15thmarch_p_14_high.jpg,diagrama_manuscritO,,,staffordbeercollectioncyberstrideprogramsuitefirstread-outwednesday15thmarch_p_14.tiff,cyberstrideprogramsuitefirstread-outwednesday15thmarch,sbc_b_57_cyberstrideprogramsuitefirstread-outwednesday15thmarch_p_14_th.png,,v,,,,,,
101,box_57,57,12,,,,,15/03/1972,,cyberstrideprogramsuitefirstread-outwednesday15thmarch,box_57,hand-drawn_diagram,,,,cyberstride program suite first read-out wednesday 15th march,sbc_b_57_cyberstrideprogramsuitefirstread-outwednesday15thmarch_p_15_high.jpg,sbc_b_57_cyberstrideprogramsuitefirstread-outwednesday15thmarch_p_15_high.jpg,diagrama_manuscrito,,,staffordbeercollectioncyberstrideprogramsuitefirstread-outwednesday15thmarch_p_15.tiff,cyberstrideprogramsuitefirstread-outwednesday15thmarch,sbc_b_57_cyberstrideprogramsuitefirstread-outwednesday15thmarch_p_15_th.png,,v,,,,,,
102,box_57,57,12,,,,,15/03/1972,,cyberstrideprogramsuitefirstread-outwednesday15thmarch,box_57,hand-drawn_diagram,,,,cyber stride program suite first read-out wednesday 15th march,sbc_b_57_cyberstrideprogramsuitefirstread-outwednesday15thmarch_p_16_high.jpg,sbc_b_57_cyberstrideprogramsuitefirstread-outwednesday15thmarch_p_16_high.jpg,diagrama_manuscrito,,,staffordbeercollectioncyberstrideprogramsuitefirstread-outwednesday15thmarch_p_16.tiff,cyberstrideprogramsuitefirstread-outwednesday15thmarch,sbc_b_57_cyberstrideprogramsuitefirstread-outwednesday15thmarch_p_16_th.png,,v,,,,,,
103,box_57,57,13,,,p1,,11/8/1972,,lettertohermannschwember,box_57,official_document,,,,letter to hermann schwember,sbc_b_57_lettertohermannschwember_p_00_high.jpg,sbc_b_57_lettertohermannschwember_p_00_high.jpg,doc_oficial,,,staffordbeercollectionlettertohermannschwember_p_00.tiff,lettertohermannschwember,sbc_b_57_lettertohermannschwember_p_00_th.png,,v,,,,,,
104,box_57,57,14,,,p1,,Apr 1973,,operationdiagrams,box_57,hand-drawn_diagram,,,,operation diagrams,sbc_b_57_operationdiagrams_p_00_high.jpg,sbc_b_57_operationdiagrams_p_00_high.jpg,diagrama_manuscrito,,,staffordbeercollectionoperationdiagrams_p_00.tiff,operationdiagrams,sbc_b_57_operationdiagrams_p_00_th.png,,v,,,,,,
105,box_57,57,14,,,,,Apr 1973,,operationdiagrams,box_57,hand-drawn_diagram,,,,operation diagrams,sbc_b_57_operationdiagrams_p_01_high.jpg,sbc_b_57_operationdiagrams_p_01_high.jpg,diagrama_manuscrito,,,staffordbeercollectionoperationdiagrams_p_01.tiff,operationdiagrams,sbc_b_57_operationdiagrams_p_01_th.png,,v,,,,,,
106,box_57,57,14,,,,,Apr 1973,,operationdiagrams,box_57,hand-drawn_diagram,,,,operation diagrams,sbc_b_57_operationdiagrams_p_02_high.jpg,sbc_b_57_operationdiagrams_p_02_high.jpg,diagrama_manuscrito,,,staffordbeercollectionoperationdiagrams_p_02.tiff,operationdiagrams,sbc_b_57_operationdiagrams_p_02_th.png,,v,,,,,,
107,box_57,57,14,,,,,Apr 1973,,operationdiagrams,box_57,hand-drawn_diagram,,,,operation diagrams,sbc_b_57_operationdiagrams_p_03_high.jpg,sbc_b_57_operationdiagrams_p_03_high.jpg,diagrama_manuscrito,,,staffordbeercollectionoperationdiagrams_p_03.tiff,operationdiagrams,sbc_b_57_operationdiagrams_p_03_th.png,,v,,,,,,
108,box_57,57,15,,,p1,,14/10/1972,,theextensionofcyberneticmanagementsystemstotheenterprises,box_57,manuscript,,,,the extension of cybernetic management systems to the enterprises,sbc_b_57_theextensionofcyberneticmanagementsystemstotheenterprises_p_00_high.jpg,sbc_b_57_theextensionofcyberneticmanagementsystemstotheenterprises_p_00_high.jpg,manuscrito,,,staffordbeercollectiontheextensionofcyberneticmanagementsystemstotheenterprises_p_00.tiff,theextensionofcyberneticmanagementsystemstotheenterprises,sbc_b_57_theextensionofcyberneticmanagementsystemstotheenterprises_p_00_th.png,,v,,,,,,
109,box_57,57,15,,,,,14/10/1972,,theextensionofcyberneticmanagementsystemstotheenterprises,box_57,manuscript,,,,the extension of cybernetic management systems to the enterprises,sbc_b_57_theextensionofcyberneticmanagementsystemstotheenterprises_p_01_high.jpg,sbc_b_57_theextensionofcyberneticmanagementsystemstotheenterprises_p_01_high.jpg,manuscrito,,,staffordbeercollectiontheextensionofcyberneticmanagementsystemstotheenterprises_p_01.tiff,theextensionofcyberneticmanagementsystemstotheenterprises,sbc_b_57_theextensionofcyberneticmanagementsystemstotheenterprises_p_01_th.png,,v,,,,,,
110,box_57,57,15,,,,,14/10/1972,,theextensionofcyberneticmanagementsystemstotheenterprises,box_57,manuscript,,,,the extension of cybernetic management systems to the enterprises,sbc_b_57_theextensionofcyberneticmanagementsystemstotheenterprises_p_02_high.jpg,sbc_b_57_theextensionofcyberneticmanagementsystemstotheenterprises_p_02_high.jpg,manuscrito,,,staffordbeercollectiontheextensionofcyberneticmanagementsystemstotheenterprises_p_02.tiff,theextensionofcyberneticmanagementsystemstotheenterprises,sbc_b_57_theextensionofcyberneticmanagementsystemstotheenterprises_p_02_th.png,,v,,,,,,
111,box_57,57,15,,,,,14/10/1972,,theextensionofcyberneticmanagementsystemstotheenterprises,box_57,manuscript,,,,the extension of cybernetic management systems to the enterprises,sbc_b_57_theextensionofcyberneticmanagementsystemstotheenterprises_p_03_high.jpg,sbc_b_57_theextensionofcyberneticmanagementsystemstotheenterprises_p_03_high.jpg,manuscrito,,,staffordbeercollectiontheextensionofcyberneticmanagementsystemstotheenterprises_p_03.tiff,theextensionofcyberneticmanagementsystemstotheenterprises,sbc_b_57_theextensionofcyberneticmanagementsystemstotheenterprises_p_03_th.png,,v,,,,,,
112,box_57,57,15,,,,,14/10/1972,,theextensionofcyberneticmanagementsystemstotheenterprises,box_57,manuscript,,,,the extension of cybernetic management systems to the enterprises,sbc_b_57_theextensionofcyberneticmanagementsystemstotheenterprises_p_04_high.jpg,sbc_b_57_theextensionofcyberneticmanagementsystemstotheenterprises_p_04_high.jpg,manuscrito,,,staffordbeercollectiontheextensionofcyberneticmanagementsystemstotheenterprises_p_04.tiff,theextensionofcyberneticmanagementsystemstotheenterprises,sbc_b_57_theextensionofcyberneticmanagementsystemstotheenterprises_p_04_th.png,,v,,,,,,
113,box_57,57,15,,,,,14/10/1972,,theextensionofcyberneticmanagementsystemstotheenterprises,box_57,manuscript,,,,the extension of cybernetic management systems to the enterprises,sbc_b_57_theextensionofcyberneticmanagementsystemstotheenterprises_p_05_high.jpg,sbc_b_57_theextensionofcyberneticmanagementsystemstotheenterprises_p_05_high.jpg,manuscrito,,,staffordbeercollectiontheextensionofcyberneticmanagementsystemstotheenterprises_p_05.tiff,theextensionofcyberneticmanagementsystemstotheenterprises,sbc_b_57_theextensionofcyberneticmanagementsystemstotheenterprises_p_05_th.png,,v,,,,,,
114,box_57,57,15,,,,,14/10/1972,,theextensionofcyberneticmanagementsystemstotheenterprises,box_57,manuscript,,,,the extension of cybernetic management systems to the enterprises,sbc_b_57_theextensionofcyberneticmanagementsystemstotheenterprises_p_06_high.jpg,sbc_b_57_theextensionofcyberneticmanagementsystemstotheenterprises_p_06_high.jpg,manuscrito,,,staffordbeercollectiontheextensionofcyberneticmanagementsystemstotheenterprises_p_06.tiff,theextensionofcyberneticmanagementsystemstotheenterprises,sbc_b_57_theextensionofcyberneticmanagementsystemstotheenterprises_p_06_th.png,,v,,,,,,
115,box_57,57,16,,,p1,,no date,,trainingtimetable,box_57,hand-drawn_diagram,,,,training timetable,sbc_b_57_trainingtimetable_p_00_high.jpg,sbc_b_57_trainingtimetable_p_00_high.jpg,diagrama_manuscrito,,,staffordbeercollectiontrainingtimetable_p_00.tiff,trainingtimetable,sbc_b_57_trainingtimetable_p_00_th.png,,v,,,,,,
116,box_57,57,17,,,p1,,no date,,varietyanditscontroldiagrams,box_57,hand-drawn_diagram,,,,variety and its control diagrams,sbc_b_57_varietyanditscontroldiagrams_p_00_high.jpg,sbc_b_57_varietyanditscontroldiagrams_p_00_high.jpg,diagrama_manuscrito,,,staffordbeercollectionvarietyanditscontroldiagrams_p_00.tiff,varietyanditscontroldiagrams,sbc_b_57_varietyanditscontroldiagrams_p_00_th.png,,v,,,,,,
117,box_57,57,17,,,,,no date,,varietyanditscontroldiagrams,box_57,hand-drawn_diagram,,,,variety and its control diagrams,sbc_b_57_varietyanditscontroldiagrams_p_01_high.jpg,sbc_b_57_varietyanditscontroldiagrams_p_01_high.jpg,diagrama_manuscrito,,,staffordbeercollectionvarietyanditscontroldiagrams_p_01.tiff,varietyanditscontroldiagrams,sbc_b_57_varietyanditscontroldiagrams_p_01_th.png,,v,,,,,,
118,box_57,57,17,,,,,no date,,varietyanditscontroldiagrams,box_57,hand-drawn_diagram,,,,variety and its control diagrams,sbc_b_57_varietyanditscontroldiagrams_p_02_high.jpg,sbc_b_57_varietyanditscontroldiagrams_p_02_high.jpg,diagrama_manuscrito,,,staffordbeercollectionvarietyanditscontroldiagrams_p_02.tiff,varietyanditscontroldiagrams,sbc_b_57_varietyanditscontroldiagrams_p_02_th.png,,v,,,,,,
119,box_57,57,17,,,,,no date,,varietyanditscontroldiagrams,box_57,hand-drawn_diagram,,,,variety and its control diagrams,sbc_b_57_varietyanditscontroldiagrams_p_03_high.jpg,sbc_b_57_varietyanditscontroldiagrams_p_03_high.jpg,diagrama_manuscrito,,,staffordbeercollectionvarietyanditscontroldiagrams_p_03.tiff,varietyanditscontroldiagrams,sbc_b_57_varietyanditscontroldiagrams_p_03_th.png,,v,,,,,,
120,box_57,57,17,,,,,no date,,varietyanditscontroldiagrams,box_57,hand-drawn_diagram,,,,variety and its control diagrams,sbc_b_57_varietyanditscontroldiagrams_p_04_high.jpg,sbc_b_57_varietyanditscontroldiagrams_p_04_high.jpg,diagrama_manuscrito,,,staffordbeercollectionvarietyanditscontroldiagrams_p_04.tiff,varietyanditscontroldiagrams,sbc_b_57_varietyanditscontroldiagrams_p_04_th.png,,v,,,,,,
121,box_57,57,17,,,,,no date,,varietyanditscontroldiagrams,box_57,hand-drawn_diagram,,,,variety and its control diagrams,sbc_b_57_varietyanditscontroldiagrams_p_05_high.jpg,sbc_b_57_varietyanditscontroldiagrams_p_05_high.jpg,diagrama_manuscrito,,,staffordbeercollectionvarietyanditscontroldiagrams_p_05.tiff,varietyanditscontroldiagrams,sbc_b_57_varietyanditscontroldiagrams_p_05_th.png,,v,,,,,,
122,box_57,57,17,,,,,no date,,varietyanditscontroldiagrams,box_57,hand-drawn_diagram,,,,variety and its control diagrams,sbc_b_57_varietyanditscontroldiagrams_p_06_high.jpg,sbc_b_57_varietyanditscontroldiagrams_p_06_high.jpg,diagrama_manuscrito,,,staffordbeercollectionvarietyanditscontroldiagrams_p_06.tiff,varietyanditscontroldiagrams,sbc_b_57_varietyanditscontroldiagrams_p_06_th.png,,v,,,,,,
123,box_57,57,17,,,,,no date,,varietyanditscontroldiagrams,box_57,hand-drawn_diagram,,,,variety and its control diagrams,sbc_b_57_varietyanditscontroldiagrams_p_07_high.jpg,sbc_b_57_varietyanditscontroldiagrams_p_07_high.jpg,diagrama_manuscrito,,,staffordbeercollectionvarietyanditscontroldiagrams_p_07.tiff,varietyanditscontroldiagrams,sbc_b_57_varietyanditscontroldiagrams_p_07_th.png,,v,,,,,,
124,box_57,57,17,,,,,no date,,varietyanditscontroldiagrams,box_57,hand-drawn_diagram,,,,variety and its control diagrams,sbc_b_57_varietyanditscontroldiagrams_p_08_high.jpg,sbc_b_57_varietyanditscontroldiagrams_p_08_high.jpg,diagrama_manuscrito,,,staffordbeercollectionvarietyanditscontroldiagrams_p_08.tiff,varietyanditscontroldiagrams,sbc_b_57_varietyanditscontroldiagrams_p_08_th.png,,v,,,,,,
125,box_57,57,17,,,,,no date,,varietyanditscontroldiagrams,box_57,hand-drawn_diagram,,,,variety and its control diagrams,sbc_b_57_varietyanditscontroldiagrams_p_09_high.jpg,sbc_b_57_varietyanditscontroldiagrams_p_09_high.jpg,diagrama_manuscrito,,,staffordbeercollectionvarietyanditscontroldiagrams_p_09.tiff,varietyanditscontroldiagrams,sbc_b_57_varietyanditscontroldiagrams_p_09_th.png,,v,,,,,,
126,box_58,58,18,,,p1,,12/1/1972,,futuroatdecember1972,box_58,hand-drawn_diagram,,,,futuro at december 1972,sbc_b_58_futuroatdecember1972_p_00_high.jpg,sbc_b_58_futuroatdecember1972_p_00_high.jpg,diagrama_manuscrito,,,staffordbeercollectionfuturoatdecember1972_p_00.tiff,futuroatdecember1972,sbc_b_58_futuroatdecember1972_p_00_th.png,,v,,,,,,
127,box_58,58,19,,,p1,,9/1/1972,,futuroatsept1972,box_58,manuscript,,,,futuro at sept 1972,sbc_b_58_futuroatsept1972_p_00_high.jpg,sbc_b_58_futuroatsept1972_p_00_high.jpg,manuscrito,,,staffordbeercollectionfuturoatsept1972_p_00.tiff,futuroatsept1972,sbc_b_58_futuroatsept1972_p_00_th.png,,v,,,,,,
128,box_58,58,19,,,,,9/1/1972,,futuroatsept1972,box_58,hand-drawn_diagram,,,,futuro at sept 1972,sbc_b_58_futuroatsept1972_p_01_high.jpg,sbc_b_58_futuroatsept1972_p_01_high.jpg,diagrama_manuscrito,,,staffordbeercollectionfuturoatsept1972_p_01.tiff,futuroatsept1972,sbc_b_58_futuroatsept1972_p_01_th.png,,v,,,,,,
129,box_58,58,20,,,p1,,9/1/1972,,futuroatsept1972,box_58,hand-drawn_diagram,,,,futuro at sept 1972,sbc_b_58_futuroatsept1972_p_02_high.jpg,sbc_b_58_futuroatsept1972_p_02_high.jpg,diagrama_manuscrito,,,staffordbeercollectionfuturoatsept1972_p_02.tiff,futuroatsept1972,sbc_b_58_futuroatsept1972_p_02_th.png,,v,,,,,,
130,box_58,58,20,,,,,9/1/1972,,futuroatsept1972,box_58,hand-drawn_diagram,,,,futuro at sept 1972,sbc_b_58_futuroatsept1972_p_03_high.jpg,sbc_b_58_futuroatsept1972_p_03_high.jpg,diagrama_manuscrito,,,staffordbeercollectionfuturoatsept1972_p_03.tiff,futuroatsept1972,sbc_b_58_futuroatsept1972_p_03_th.png,,v,,,,,,
131,box_58,58,20,,,,,9/1/1972,,futuroatsept1972,box_58,hand-drawn_diagram,,,,futuro at sept 1972,sbc_b_58_futuroatsept1972_p_04_high.jpg,sbc_b_58_futuroatsept1972_p_04_high.jpg,diagrama_manuscrito,,dejar para hacer al final grafico complejo,staffordbeercollectionfuturoatsept1972_p_04.tiff,futuroatsept1972,sbc_b_58_futuroatsept1972_p_04_th.png,,r,,,,,,
132,box_58,58,20,,,,,9/1/1972,,futuroatsept1972,box_58,official_document,,,,futuro at sept 1972,sbc_b_58_futuroatsept1972_p_05_high.jpg,sbc_b_58_futuroatsept1972_p_05_high.jpg,doc_oficial,,"dejar para hacer al final grafico complejo
",staffordbeercollectionfuturoatsept1972_p_05.tiff,futuroatsept1972,sbc_b_58_futuroatsept1972_p_05_th.png,,r,,,,,,
133,box_58,58,20,,,,,9/1/1972,,futuroatsept1972,box_58,official_document,,,,futuro at sept 1972,sbc_b_58_futuroatsept1972_p_06_high.jpg,sbc_b_58_futuroatsept1972_p_06_high.jpg,doc_oficial,,dejar para hacer al final grafico complejo,staffordbeercollectionfuturoatsept1972_p_06.tiff,futuroatsept1972,sbc_b_58_futuroatsept1972_p_06_th.png,,r,,,,,,
134,box_58,58,20,,,,,9/1/1972,,futuroatsept1972,box_58,official_document,,,,futuro at sept 1972,sbc_b_58_futuroatsept1972_p_07_high.jpg,sbc_b_58_futuroatsept1972_p_07_high.jpg,doc_oficial,,"dejar para hacer al final grafico complejo
",staffordbeercollectionfuturoatsept1972_p_07.tiff,futuroatsept1972,sbc_b_58_futuroatsept1972_p_07_th.png,,r,,,,,,
135,box_58,58,20,,,,,07/02/73,,ronandertonletters,box_58,official_document,,,,ron anderton letters,sbc_b_58_ronandertonletters_p_00_high.jpg,sbc_b_58_ronandertonletters_p_00_high.jpg,doc_oficial,,"dejar para hacer al final grafico complejo
",staffordbeercollectionronandertonletters_p_00.tiff,ronandertonletters,sbc_b_58_ronandertonletters_p_00_th.png,,r,,,,,,
136,box_58,58,20,,,,,28/03/73,,ronandertonletters,box_58,official_document,,,,ron anderton letters,sbc_b_58_ronandertonletters_p_01_high.jpg,sbc_b_58_ronandertonletters_p_01_high.jpg,doc_oficial,,"dejar para hacer al final grafico complejo
",staffordbeercollectionronandertonletters_p_01.tiff,ronandertonletters,sbc_b_58_ronandertonletters_p_01_th.png,,r,,,,,,
137,box_59,59,21,,,p1,,1971-2,,arthuranderson,box_59,manuscript,,,,arthur anderson,sbc_b_59_arthuranderson_p_00_high.jpg,sbc_b_59_arthuranderson_p_00_high.jpg,manuscrito,,,staffordbeercollectionarthuranderson_p_00.tiff,arthuranderson,sbc_b_59_arthuranderson_p_00_th.png,,v,,,,,,
138,box_59,59,21,,,,,1971-2,,arthuranderson,box_59,manuscript,,,,arthur anderson,sbc_b_59_arthuranderson_p_01_high.jpg,sbc_b_59_arthuranderson_p_01_high.jpg,manuscrito,,,staffordbeercollectionarthuranderson_p_01.tiff,arthuranderson,sbc_b_59_arthuranderson_p_01_th.png,,v,,,,,,
139,box_59,59,21,,,,,1971-2,,arthuranderson,box_59,manuscript,,,,arthur anderson,sbc_b_59_arthuranderson_p_02_high.jpg,sbc_b_59_arthuranderson_p_02_high.jpg,manuscrito,,,staffordbeercollectionarthuranderson_p_02.tiff,arthuranderson,sbc_b_59_arthuranderson_p_02_th.png,,v,,,,,,
140,box_59,59,21,,,,,1971-2,,arthuranderson,box_59,manuscript,,,,arthur anderson,sbc_b_59_arthuranderson_p_03_high.jpg,sbc_b_59_arthuranderson_p_03_high.jpg,manuscrito,,,staffordbeercollectionarthuranderson_p_03.tiff,arthuranderson,sbc_b_59_arthuranderson_p_03_th.png,,v,,,,,,
141,box_59,59,21,,,,,1971-2,,arthuranderson,box_59,official_document,,,,arthur anderson,sbc_b_59_arthuranderson_p_04_high.jpg,sbc_b_59_arthuranderson_p_04_high.jpg,doc_oficial,,,staffordbeercollectionarthuranderson_p_04.tiff,arthuranderson,sbc_b_59_arthuranderson_p_04_th.png,,v,,,,,,
142,box_59,59,21,,,,,1971-2,,arthuranderson,box_59,manuscript,,,,arthur anderson,sbc_b_59_arthuranderson_p_05_high.jpg,sbc_b_59_arthuranderson_p_05_high.jpg,manuscrito,,,staffordbeercollectionarthuranderson_p_05.tiff,arthuranderson,sbc_b_59_arthuranderson_p_05_th.png,,v,,,,,,
143,box_59,59,21,,,,,1971-2,,arthuranderson,box_59,manuscript,,,,arthur anderson,sbc_b_59_arthuranderson_p_06_high.jpg,sbc_b_59_arthuranderson_p_06_high.jpg,manuscrito,,,staffordbeercollectionarthuranderson_p_06.tiff,arthuranderson,sbc_b_59_arthuranderson_p_06_th.png,,v,,,,,,
144,box_60,60,22,,,p1,,10/20/1972,,fiveprinciplesforthepeopletowardsgoodgovernment,box_60,manuscript,,,,five principles for the people towards good government,sbc_b_60_fiveprinciplesforthepeopletowardsgoodgovernment_p_00_high.jpg,sbc_b_60_fiveprinciplesforthepeopletowardsgoodgovernment_p_00_high.jpg,manuscrito,,,staffordbeercollectionfiveprinciplesforthepeopletowardsgoodgovernment_p_00.tiff,fiveprinciplesforthepeopletowardsgoodgovernment,sbc_b_60_fiveprinciplesforthepeopletowardsgoodgovernment_p_00_th.png,,v,,,,,,
145,box_60,60,22,,,,,10/20/1972,,fiveprinciplesforthepeopletowardsgoodgovernment,box_60,manuscript,,,,five principles for the people towards good government,sbc_b_60_fiveprinciplesforthepeopletowardsgoodgovernment_p_01_high.jpg,sbc_b_60_fiveprinciplesforthepeopletowardsgoodgovernment_p_01_high.jpg,manuscrito,,,staffordbeercollectionfiveprinciplesforthepeopletowardsgoodgovernment_p_01.tiff,fiveprinciplesforthepeopletowardsgoodgovernment,sbc_b_60_fiveprinciplesforthepeopletowardsgoodgovernment_p_01_th.png,,v,,,,,,
146,box_60,60,22,,,,,10/20/1972,,fiveprinciplesforthepeopletowardsgoodgovernment,box_60,hand-drawn_diagram,,,,five principles for the people towards good government,sbc_b_60_fiveprinciplesforthepeopletowardsgoodgovernment_p_02_high.jpg,sbc_b_60_fiveprinciplesforthepeopletowardsgoodgovernment_p_02_high.jpg,diagrama_manuscrito,,,staffordbeercollectionfiveprinciplesforthepeopletowardsgoodgovernment_p_02.tiff,fiveprinciplesforthepeopletowardsgoodgovernment,sbc_b_60_fiveprinciplesforthepeopletowardsgoodgovernment_p_02_th.png,,v,,,,,,
147,box_60,60,22,,,,,10/20/1972,,fiveprinciplesforthepeopletowardsgoodgovernment,box_60,hand-drawn_diagram,,,,five principles for the people towards good government,sbc_b_60_fiveprinciplesforthepeopletowardsgoodgovernment_p_03_high.jpg,sbc_b_60_fiveprinciplesforthepeopletowardsgoodgovernment_p_03_high.jpg,diagrama_manuscrito,,,staffordbeercollectionfiveprinciplesforthepeopletowardsgoodgovernment_p_03.tiff,fiveprinciplesforthepeopletowardsgoodgovernment,sbc_b_60_fiveprinciplesforthepeopletowardsgoodgovernment_p_03_th.png,,v,,,,,,
148,box_60,60,22,,,,,10/20/1972,,fiveprinciplesforthepeopletowardsgoodgovernment,box_60,hand-drawn_diagram,,,,five principles for the people towards good government,sbc_b_60_fiveprinciplesforthepeopletowardsgoodgovernment_p_04_high.jpg,sbc_b_60_fiveprinciplesforthepeopletowardsgoodgovernment_p_04_high.jpg,diagrama_manuscrito,,,staffordbeercollectionfiveprinciplesforthepeopletowardsgoodgovernment_p_04.tiff,fiveprinciplesforthepeopletowardsgoodgovernment,sbc_b_60_fiveprinciplesforthepeopletowardsgoodgovernment_p_04_th.png,,v,,,,,,
149,box_60,60,22,,,,,10/20/1972,,fiveprinciplesforthepeopletowardsgoodgovernment,box_60,hand-drawn_diagram,,,,five principles for the people towards good government,sbc_b_60_fiveprinciplesforthepeopletowardsgoodgovernment_p_05_high.jpg,sbc_b_60_fiveprinciplesforthepeopletowardsgoodgovernment_p_05_high.jpg,diagrama_manuscrito,,,staffordbeercollectionfiveprinciplesforthepeopletowardsgoodgovernment_p_05.tiff,fiveprinciplesforthepeopletowardsgoodgovernment,sbc_b_60_fiveprinciplesforthepeopletowardsgoodgovernment_p_05_th.png,,v,,,,,,
150,box_60,60,22,,,,,10/20/1972,,fiveprinciplesforthepeopletowardsgoodgovernment,box_60,hand-drawn_diagram,,,,five principles for the people towards good government,sbc_b_60_fiveprinciplesforthepeopletowardsgoodgovernment_p_06_high.jpg,sbc_b_60_fiveprinciplesforthepeopletowardsgoodgovernment_p_06_high.jpg,diagrama_manuscrito,,,staffordbeercollectionfiveprinciplesforthepeopletowardsgoodgovernment_p_06.tiff,fiveprinciplesforthepeopletowardsgoodgovernment,sbc_b_60_fiveprinciplesforthepeopletowardsgoodgovernment_p_06_th.png,,v,,,,,,
151,box_60,60,22,,,,,10/20/1972,,fiveprinciplesforthepeopletowardsgoodgovernment,box_60,hand-drawn_diagram,,,,five principles for the people towards good government,sbc_b_60_fiveprinciplesforthepeopletowardsgoodgovernment_p_07_high.jpg,sbc_b_60_fiveprinciplesforthepeopletowardsgoodgovernment_p_07_high.jpg,diagrama_manuscrito,,,staffordbeercollectionfiveprinciplesforthepeopletowardsgoodgovernment_p_07.tiff,fiveprinciplesforthepeopletowardsgoodgovernment,sbc_b_60_fiveprinciplesforthepeopletowardsgoodgovernment_p_07_th.png,,v,,,,,,
152,box_60,60,22,,,,,10/20/1972,,fiveprinciplesforthepeopletowardsgoodgovernment,box_60,manuscript,,,,five principles for the people towards good government,sbc_b_60_fiveprinciplesforthepeopletowardsgoodgovernment_p_08_high.jpg,sbc_b_60_fiveprinciplesforthepeopletowardsgoodgovernment_p_08_high.jpg,manuscrito,,,staffordbeercollectionfiveprinciplesforthepeopletowardsgoodgovernment_p_08.tiff,fiveprinciplesforthepeopletowardsgoodgovernment,sbc_b_60_fiveprinciplesforthepeopletowardsgoodgovernment_p_08_th.png,,v,,,,,,
153,box_60,60,23,,,p1,,3/1/1972,,newprojects,box_60,hand-drawn_diagram,,,,new projects,sbc_b_60_newprojects_p_00_high.jpg,sbc_b_60_newprojects_p_00_high.jpg,diagrama_manuscrito,,esta duplicada? es diagrama etapas en el 56 57 o 58,staffordbeercollectionnewprojects_p_00.tiff,newprojects,sbc_b_60_newprojects_p_00_th.png,,r,,,,,,
154,box_60,60,23,,,,,3/1/1972,,newprojects,box_60,manuscript,,,,new projects,sbc_b_60_newprojects_p_01_high.jpg,sbc_b_60_newprojects_p_01_high.jpg,manuscrito,,,staffordbeercollectionnewprojects_p_01.tiff,newprojects,sbc_b_60_newprojects_p_01_th.png,,v,,,,,,
155,box_60,60,23,,,,,3/1/1972,,newprojects,box_60,hand-drawn_diagram,,,,new projects,sbc_b_60_newprojects_p_02_high.jpg,sbc_b_60_newprojects_p_02_high.jpg,diagrama_manuscrito,,,staffordbeercollectionnewprojects_p_02.tiff,newprojects,sbc_b_60_newprojects_p_02_th.png,,v,,,,,,
156,box_60,60,23,,,,,3/1/1972,,newprojects,box_60,official_document,,,,new projects,sbc_b_60_newprojects_p_03_high.jpg,sbc_b_60_newprojects_p_03_high.jpg,doc_oficial,,,staffordbeercollectionnewprojects_p_03.tiff,newprojects,sbc_b_60_newprojects_p_03_th.png,,v,,,,,,
157,box_60,60,23,,,,,3/1/1972,,newprojects,box_60,official_document,,,,new projects,sbc_b_60_newprojects_p_04_high.jpg,sbc_b_60_newprojects_p_04_high.jpg,doc_oficial,,,staffordbeercollectionnewprojects_p_04.tiff,newprojects,sbc_b_60_newprojects_p_04_th.png,,v,,,,,,
158,box_60,60,23,,,,,3/1/1972,,newprojects,box_60,official_document,,,,new projects,sbc_b_60_newprojects_p_05_high.jpg,sbc_b_60_newprojects_p_05_high.jpg,doc_oficial,,,staffordbeercollectionnewprojects_p_05.tiff,newprojects,sbc_b_60_newprojects_p_05_th.png,,v,,,,,,
159,box_60,60,23,,,,,3/1/1972,,newprojects,box_60,diagram,,,,new projects,sbc_b_60_newprojects_p_06_high.jpg,sbc_b_60_newprojects_p_06_high.jpg,diagrama,,,staffordbeercollectionnewprojects_p_06.tiff,newprojects,sbc_b_60_newprojects_p_06_th.png,,v,,,,,,
160,box_60,60,23,,,,,3/1/1972,,newprojects,box_60,diagram,,,,new projects,sbc_b_60_newprojects_p_07_high.jpg,sbc_b_60_newprojects_p_07_high.jpg,diagrama,,,staffordbeercollectionnewprojects_p_07.tiff,newprojects,sbc_b_60_newprojects_p_07_th.png,,v,,,,,,
161,box_60,60,23,,,,,3/1/1972,,newprojects,box_60,diagram,,,,new projects,sbc_b_60_newprojects_p_08_high.jpg,sbc_b_60_newprojects_p_08_high.jpg,diagrama,,,staffordbeercollectionnewprojects_p_08.tiff,newprojects,sbc_b_60_newprojects_p_08_th.png,,v,,,,,,
162,box_60,60,23,,,,,3/1/1972,,newprojects,box_60,diagram,,,,new projects,sbc_b_60_newprojects_p_09_high.jpg,sbc_b_60_newprojects_p_09_high.jpg,diagrama,,,staffordbeercollectionnewprojects_p_09.tiff,newprojects,sbc_b_60_newprojects_p_09_th.png,,v,,,,,,
163,box_60,60,24,,,p1,,12/1/1972,,oneyearofrelativesolitude,box_60,manuscript,,,,oneyear of relatives solitude,sbc_b_60_oneyearofrelativesolitude_p_00_high.jpg,sbc_b_60_oneyearofrelativesolitude_p_00_high.jpg,manuscrito,,,staffordbeercollectiononeyearofrelativesolitude_p_00.tiff,oneyearofrelativesolitude,sbc_b_60_oneyearofrelativesolitude_p_00_th.png,,v,,,,,,
164,box_60,60,24,,,,,12/1/1972,,oneyearofrelativesolitude,box_60,manuscript,,,,oneyear of relative solitude,sbc_b_60_oneyearofrelativesolitude_p_01_high.jpg,sbc_b_60_oneyearofrelativesolitude_p_01_high.jpg,manuscrito,,,staffordbeercollectiononeyearofrelativesolitude_p_01.tiff,oneyearofrelativesolitude,sbc_b_60_oneyearofrelativesolitude_p_01_th.png,,v,,,,,,
165,box_60,60,24,,,,,12/1/1972,,oneyearofrelativesolitude,box_60,manuscript,,,,oneyear of relative solitude,sbc_b_60_oneyearofrelativesolitude_p_02_high.jpg,sbc_b_60_oneyearofrelativesolitude_p_02_high.jpg,manuscrito,,,staffordbeercollectiononeyearofrelativesolitude_p_02.tiff,oneyearofrelativesolitude,sbc_b_60_oneyearofrelativesolitude_p_02_th.png,,v,,,,,,
166,box_60,60,24,,,,,12/1/1972,,oneyearofrelativesolitude,box_60,manuscript,,,,oneyear of relative solitude,sbc_b_60_oneyearofrelativesolitude_p_03_high.jpg,sbc_b_60_oneyearofrelativesolitude_p_03_high.jpg,manuscrito,,,staffordbeercollectiononeyearofrelativesolitude_p_03.tiff,oneyearofrelativesolitude,sbc_b_60_oneyearofrelativesolitude_p_03_th.png,,v,,,,,,
167,box_60,60,24,,,,,12/1/1972,,oneyearofrelativesolitude,box_60,manuscript,,,,oneyear of relatives solitude,sbc_b_60_oneyearofrelativesolitude_p_04_high.jpg,sbc_b_60_oneyearofrelativesolitude_p_04_high.jpg,manuscrito,,,staffordbeercollectiononeyearofrelativesolitude_p_04.tiff,oneyearofrelativesolitude,sbc_b_60_oneyearofrelativesolitude_p_04_th.png,,v,,,,,,
168,box_60,60,24,,,,,12/1/1972,,oneyearofrelativesolitude,box_60,manuscript,,,,oneyear of relatives solitude,sbc_b_60_oneyearofrelativesolitude_p_05_high.jpg,sbc_b_60_oneyearofrelativesolitude_p_05_high.jpg,manuscrito,,,staffordbeercollectiononeyearofrelativesolitude_p_05.tiff,oneyearofrelativesolitude,sbc_b_60_oneyearofrelativesolitude_p_05_th.png,,v,,,,,,
169,box_60,60,24,,,,,12/1/1972,,oneyearofrelativesolitude,box_60,manuscript,,,,oneyear of relative solitude,sbc_b_60_oneyearofrelativesolitude_p_06_high.jpg,sbc_b_60_oneyearofrelativesolitude_p_06_high.jpg,manuscrito,,,staffordbeercollectiononeyearofrelativesolitude_p_06.tiff,oneyearofrelativesolitude,sbc_b_60_oneyearofrelativesolitude_p_06_th.png,,v,,,,,,
170,box_60,60,24,,,,,12/1/1972,,oneyearofrelativesolitude,box_60,manuscript,,,,oneyear of relatives solitude,sbc_b_60_oneyearofrelativesolitude_p_07_high.jpg,sbc_b_60_oneyearofrelativesolitude_p_07_high.jpg,manuscrito,,,staffordbeercollectiononeyearofrelativesolitude_p_07.tiff,oneyearofrelativesolitude,sbc_b_60_oneyearofrelativesolitude_p_07_th.png,,v,,,,,,
171,box_60,60,24,,,,,12/1/1972,,oneyearofrelativesolitude,box_60,manuscript,,,,oney ear of relatives solitude,sbc_b_60_oneyearofrelativesolitude_p_08_high.jpg,sbc_b_60_oneyearofrelativesolitude_p_08_high.jpg,manuscrito,,,staffordbeercollectiononeyearofrelativesolitude_p_08.tiff,oneyearofrelativesolitude,sbc_b_60_oneyearofrelativesolitude_p_08_th.png,,v,,,,,,
172,box_60,60,24,,,,,12/1/1972,,oneyearofrelativesolitude,box_60,manuscript,,,,oneyear of relatives solitude,sbc_b_60_oneyearofrelativesolitude_p_09_high.jpg,sbc_b_60_oneyearofrelativesolitude_p_09_high.jpg,manuscrito,,,staffordbeercollectiononeyearofrelativesolitude_p_09.tiff,oneyearofrelativesolitude,sbc_b_60_oneyearofrelativesolitude_p_09_th.png,,v,,,,,,
173,box_60,60,24,,,,,12/1/1972,,oneyearofrelativesolitude,box_60,manuscript,,,,oneyear of relative solitude,sbc_b_60_oneyearofrelativesolitude_p_10_high.jpg,sbc_b_60_oneyearofrelativesolitude_p_10_high.jpg,manuscrito,,,staffordbeercollectiononeyearofrelativesolitude_p_10.tiff,oneyearofrelativesolitude,sbc_b_60_oneyearofrelativesolitude_p_10_th.png,,v,,,,,,
174,box_60,60,24,,,,,12/1/1972,,oneyearofrelativesolitude,box_60,manuscript,,,,oneyear of relative solitude,sbc_b_60_oneyearofrelativesolitude_p_11_high.jpg,sbc_b_60_oneyearofrelativesolitude_p_11_high.jpg,manuscrito,,,staffordbeercollectiononeyearofrelativesolitude_p_11.tiff,oneyearofrelativesolitude,sbc_b_60_oneyearofrelativesolitude_p_11_th.png,,v,,,,,,
175,box_60,60,24,,,,,12/1/1972,,oneyearofrelativesolitude,box_60,manuscript,,,,oneyear of relatives olitude,sbc_b_60_oneyearofrelativesolitude_p_12_high.jpg,sbc_b_60_oneyearofrelativesolitude_p_12_high.jpg,manuscrito,,,staffordbeercollectiononeyearofrelativesolitude_p_12.tiff,oneyearofrelativesolitude,sbc_b_60_oneyearofrelativesolitude_p_12_th.png,,v,,,,,,
176,box_60,60,24,,,,,12/1/1972,,oneyearofrelativesolitude,box_60,manuscript,,,,oneyear of relative solitude,sbc_b_60_oneyearofrelativesolitude_p_13_high.jpg,sbc_b_60_oneyearofrelativesolitude_p_13_high.jpg,manuscrito,,,staffordbeercollectiononeyearofrelativesolitude_p_13.tiff,oneyearofrelativesolitude,sbc_b_60_oneyearofrelativesolitude_p_13_th.png,,v,,,,,,
177,box_60,60,24,,,,,12/1/1972,,oneyearofrelativesolitude,box_60,manuscript,,,,oneyear of relative solitude,sbc_b_60_oneyearofrelativesolitude_p_14_high.jpg,sbc_b_60_oneyearofrelativesolitude_p_14_high.jpg,manuscrito,,,staffordbeercollectiononeyearofrelativesolitude_p_14.tiff,oneyearofrelativesolitude,sbc_b_60_oneyearofrelativesolitude_p_14_th.png,,v,,,,,,
178,box_60,60,24,,,,,12/1/1972,,oneyearofrelativesolitude,box_60,manuscript,,,,oneyear of relative solitude,sbc_b_60_oneyearofrelativesolitude_p_15_high.jpg,sbc_b_60_oneyearofrelativesolitude_p_15_high.jpg,manuscrito,,,staffordbeercollectiononeyearofrelativesolitude_p_15.tiff,oneyearofrelativesolitude,sbc_b_60_oneyearofrelativesolitude_p_15_th.png,,v,,,,,,
179,box_60,60,24,,,,,12/1/1972,,oneyearofrelativesolitude,box_60,manuscript,,,,one year of relative solitude,sbc_b_60_oneyearofrelativesolitude_p_16_high.jpg,sbc_b_60_oneyearofrelativesolitude_p_16_high.jpg,manuscrito,,,staffordbeercollectiononeyearofrelativesolitude_p_16.tiff,oneyearofrelativesolitude,sbc_b_60_oneyearofrelativesolitude_p_16_th.png,,v,,,,,,
180,box_60,60,24,,,,,12/1/1972,,oneyearofrelativesolitude,box_60,manuscript,,,,oneyear of relatives solitude,sbc_b_60_oneyearofrelativesolitude_p_17_high.jpg,sbc_b_60_oneyearofrelativesolitude_p_17_high.jpg,manuscrito,,,staffordbeercollectiononeyearofrelativesolitude_p_17.tiff,oneyearofrelativesolitude,sbc_b_60_oneyearofrelativesolitude_p_17_th.png,,v,,,,,,
181,box_60,60,24,,,,,12/1/1972,,oneyearofrelativesolitude,box_60,manuscript,,,,oneyear of relatives solitude,sbc_b_60_oneyearofrelativesolitude_p_18_high.jpg,sbc_b_60_oneyearofrelativesolitude_p_18_high.jpg,manuscrito,,,staffordbeercollectiononeyearofrelativesolitude_p_18.tiff,oneyearofrelativesolitude,sbc_b_60_oneyearofrelativesolitude_p_18_th.png,,v,,,,,,
182,box_60,60,24,,,,,12/1/1972,,oneyearofrelativesolitude,box_60,manuscript,,,,oneyear of relative solitude,sbc_b_60_oneyearofrelativesolitude_p_19_high.jpg,sbc_b_60_oneyearofrelativesolitude_p_19_high.jpg,manuscrito,,,staffordbeercollectiononeyearofrelativesolitude_p_19.tiff,oneyearofrelativesolitude,sbc_b_60_oneyearofrelativesolitude_p_19_th.png,,v,,,,,,
183,box_60,60,24,,,,,12/1/1972,,oneyearofrelativesolitude,box_60,manuscript,,,,oneyear of relatives solitude,sbc_b_60_oneyearofrelativesolitude_p_20_high.jpg,sbc_b_60_oneyearofrelativesolitude_p_20_high.jpg,manuscrito,,,staffordbeercollectiononeyearofrelativesolitude_p_20.tiff,oneyearofrelativesolitude,sbc_b_60_oneyearofrelativesolitude_p_20_th.png,,v,,,,,,
184,box_60,60,24,,,,,12/1/1972,,oneyearofrelativesolitude,box_60,hand-drawn_diagram,,,,oneyear of relatives solitude,sbc_b_60_oneyearofrelativesolitude_p_21_high.jpg,sbc_b_60_oneyearofrelativesolitude_p_21_high.jpg,diagrama_manuscrito,,,staffordbeercollectiononeyearofrelativesolitude_p_21.tiff,oneyearofrelativesolitude,sbc_b_60_oneyearofrelativesolitude_p_21_th.png,,v,,,,,,
185,box_60,60,25,,,p1,,12/1/1972,,projectcybersyn,box_60,manuscript,,,,project cybersyn,sbc_b_60_projectcybersyn_p_00_high.jpg,sbc_b_60_projectcybersyn_p_00_high.jpg,manuscrito,,,staffordbeercollectionprojectcybersyn_p_00.tiff,projectcybersyn,sbc_b_60_projectcybersyn_p_00_th.png,,v,,,,,,
186,box_60,60,25,,,,,12/1/1972,,projectcybersyn,box_60,manuscript,,,,project cybersyn,sbc_b_60_projectcybersyn_p_01_high.jpg,sbc_b_60_projectcybersyn_p_01_high.jpg,manuscrito,,,staffordbeercollectionprojectcybersyn_p_01.tiff,projectcybersyn,sbc_b_60_projectcybersyn_p_01_th.png,,v,,,,,,
187,box_60,60,25,,,,,12/1/1972,,projectcybersyn,box_60,manuscript,,,,project cybersyn,sbc_b_60_projectcybersyn_p_02_high.jpg,sbc_b_60_projectcybersyn_p_02_high.jpg,manuscrito,,,staffordbeercollectionprojectcybersyn_p_02.tiff,projectcybersyn,sbc_b_60_projectcybersyn_p_02_th.png,,v,,,,,,
188,box_60,60,25,,,,,12/1/1972,,projectcybersyn,box_60,manuscript,,,,project cybersyn,sbc_b_60_projectcybersyn_p_03_high.jpg,sbc_b_60_projectcybersyn_p_03_high.jpg,manuscrito,,,staffordbeercollectionprojectcybersyn_p_03.tiff,projectcybersyn,sbc_b_60_projectcybersyn_p_03_th.png,,v,,,,,,
189,box_60,60,25,,,,,12/1/1972,,projectcybersyn,box_60,manuscript,,,,project cybersyn,sbc_b_60_projectcybersyn_p_04_high.jpg,sbc_b_60_projectcybersyn_p_04_high.jpg,manuscrito,,,staffordbeercollectionprojectcybersyn_p_04.tiff,projectcybersyn,sbc_b_60_projectcybersyn_p_04_th.png,,v,,,,,,
190,box_60,60,25,,,,,12/1/1972,,projectcybersyn,box_60,manuscript,,,,project cybersyn,sbc_b_60_projectcybersyn_p_05_high.jpg,sbc_b_60_projectcybersyn_p_05_high.jpg,manuscrito,,,staffordbeercollectionprojectcybersyn_p_05.tiff,projectcybersyn,sbc_b_60_projectcybersyn_p_05_th.png,,v,,,,,,
191,box_60,60,25,,,,,12/1/1972,,projectcybersyn,box_60,manuscript,,,,project cybersyn,sbc_b_60_projectcybersyn_p_06_high.jpg,sbc_b_60_projectcybersyn_p_06_high.jpg,manuscrito,,,staffordbeercollectionprojectcybersyn_p_06.tiff,projectcybersyn,sbc_b_60_projectcybersyn_p_06_th.png,,v,,,,,,
192,box_60,60,25,,,,,12/1/1972,,projectcybersyn,box_60,manuscript,,,,project cybersyn,sbc_b_60_projectcybersyn_p_07_high.jpg,sbc_b_60_projectcybersyn_p_07_high.jpg,manuscrito,,,staffordbeercollectionprojectcybersyn_p_07.tiff,projectcybersyn,sbc_b_60_projectcybersyn_p_07_th.png,,v,,,,,,
193,box_60,60,25,,,,,12/1/1972,,projectcybersyn,box_60,manuscript,,,,project cybersyn,sbc_b_60_projectcybersyn_p_08_high.jpg,sbc_b_60_projectcybersyn_p_08_high.jpg,manuscrito,,,staffordbeercollectionprojectcybersyn_p_08.tiff,projectcybersyn,sbc_b_60_projectcybersyn_p_08_th.png,,v,,,,,,
194,box_60,60,25,,,,,12/1/1972,,projectcybersyn,box_60,manuscript,,,,project cybersyn,sbc_b_60_projectcybersyn_p_09_high.jpg,sbc_b_60_projectcybersyn_p_09_high.jpg,manuscrito,,,staffordbeercollectionprojectcybersyn_p_09.tiff,projectcybersyn,sbc_b_60_projectcybersyn_p_09_th.png,,v,,,,,,
195,box_60,60,25,,,,,12/1/1972,,projectcybersyn,box_60,manuscript,,,,project cybersyn,sbc_b_60_projectcybersyn_p_10_high.jpg,sbc_b_60_projectcybersyn_p_10_high.jpg,manuscrito,,,staffordbeercollectionprojectcybersyn_p_10.tiff,projectcybersyn,sbc_b_60_projectcybersyn_p_10_th.png,,v,,,,,,
196,box_60,60,25,,,,,12/1/1972,,projectcybersyn,box_60,manuscript,,,,project cybersyn,sbc_b_60_projectcybersyn_p_11_high.jpg,sbc_b_60_projectcybersyn_p_11_high.jpg,manuscrito,,,staffordbeercollectionprojectcybersyn_p_11.tiff,projectcybersyn,sbc_b_60_projectcybersyn_p_11_th.png,,v,,,,,,
197,box_60,60,25,,,,,12/1/1972,,projectcybersyn,box_60,manuscript,,,,project cybersyn,sbc_b_60_projectcybersyn_p_12_high.jpg,sbc_b_60_projectcybersyn_p_12_high.jpg,manuscrito,,,staffordbeercollectionprojectcybersyn_p_12.tiff,projectcybersyn,sbc_b_60_projectcybersyn_p_12_th.png,,v,,,,,,
198,box_61,61,26,,,p1,,2/1/1973,,lettertodonaldbitzer,box_61,official_document,,,,letter to donald bitzer,sbc_b_61_lettertodonaldbitzer_p_00_high.jpg,sbc_b_61_lettertodonaldbitzer_p_00_high.jpg,doc_oficial,,,staffordbeercollectionlettertodonaldbitzer_p_00.tiff,lettertodonaldbitzer,sbc_b_61_lettertodonaldbitzer_p_00_th.png,,v,,,,,,
199,box_61,61,27,,,p1,,2/1/1973,,lettertodouglasparkhill,box_61,official_document,,,,letter to douglas park hill,sbc_b_61_lettertodouglasparkhill_p_00_high.jpg,sbc_b_61_lettertodouglasparkhill_p_00_high.jpg,doc_oficial,,,staffordbeercollectionlettertodouglasparkhill_p_00.tiff,lettertodouglasparkhill,sbc_b_61_lettertodouglasparkhill_p_00_th.png,,v,,,,,,
200,box_61,61,28,,,p1,,19/05/1972,,lettertostuartumpleby,box_61,manuscript,,,,letter to stuart umple by,sbc_b_61_lettertostuartumpleby_p_00_high.jpg,sbc_b_61_lettertostuartumpleby_p_00_high.jpg,manuscrito,,,staffordbeercollectionlettertostuartumpleby_p_00.tiff,lettertostuartumpleby,sbc_b_61_lettertostuartumpleby_p_00_th.png,,v,,,,,,
201,box_61,61,28,,,,,19/05/1972,,lettertostuartumpleby,box_61,manuscript,,,,letter to stuart umple by,sbc_b_61_lettertostuartumpleby_p_01_high.jpg,sbc_b_61_lettertostuartumpleby_p_01_high.jpg,manuscrito,,,staffordbeercollectionlettertostuartumpleby_p_01.tiff,lettertostuartumpleby,sbc_b_61_lettertostuartumpleby_p_01_th.png,,v,,,,,,
202,box_61,61,29,,,p1,,10/14/1972,,notesontheoperationofthealgedonicmeter,box_61,manuscript,,,,notes on the operation of the algedonic meter,sbc_b_61_notesontheoperationofthealgedonicmeter_p_00_high.jpg,sbc_b_61_notesontheoperationofthealgedonicmeter_p_00_high.jpg,manuscrito,,,staffordbeercollectionnotesontheoperationofthealgedonicmeter_p_00.tiff,notesontheoperationofthealgedonicmeter,sbc_b_61_notesontheoperationofthealgedonicmeter_p_00_th.png,,v,,,,,,
203,box_61,61,29,,,,,10/14/1972,,notesontheoperationofthealgedonicmeter,box_61,hand-drawn_diagram,,,,notes on the operation of the algedonic meter,sbc_b_61_notesontheoperationofthealgedonicmeter_p_01_high.jpg,sbc_b_61_notesontheoperationofthealgedonicmeter_p_01_high.jpg,diagrama_manuscrito,,,staffordbeercollectionnotesontheoperationofthealgedonicmeter_p_01.tiff,notesontheoperationofthealgedonicmeter,sbc_b_61_notesontheoperationofthealgedonicmeter_p_01_th.png,,v,,,,,,
204,box_61,61,30,,,p1,,3/1/1972,,projectcyberfolk,box_61,manuscript,,,,project cyber folk,sbc_b_61_projectcyberfolk_p_00_high.jpg,sbc_b_61_projectcyberfolk_p_00_high.jpg,manuscrito,,,staffordbeercollectionprojectcyberfolk_p_00.tiff,projectcyberfolk,sbc_b_61_projectcyberfolk_p_00_th.png,,v,,,,,,
205,box_61,61,30,,,,,3/1/1972,,projectcyberfolk,box_61,manuscript,,,,project cyber folk,sbc_b_61_projectcyberfolk_p_01_high.jpg,sbc_b_61_projectcyberfolk_p_01_high.jpg,manuscrito,,,staffordbeercollectionprojectcyberfolk_p_01.tiff,projectcyberfolk,sbc_b_61_projectcyberfolk_p_01_th.png,,v,,,,,,
206,box_61,61,30,,,,,3/1/1972,,projectcyberfolk,box_61,manuscript,,,,project cyber folk,sbc_b_61_projectcyberfolk_p_02_high.jpg,sbc_b_61_projectcyberfolk_p_02_high.jpg,manuscrito,,,staffordbeercollectionprojectcyberfolk_p_02.tiff,projectcyberfolk,sbc_b_61_projectcyberfolk_p_02_th.png,,v,,,,,,
207,box_61,61,30,,,,,3/1/1972,,projectcyberfolk,box_61,manuscript,,,,project cyber folk,sbc_b_61_projectcyberfolk_p_03_high.jpg,sbc_b_61_projectcyberfolk_p_03_high.jpg,manuscrito,,,staffordbeercollectionprojectcyberfolk_p_03.tiff,projectcyberfolk,sbc_b_61_projectcyberfolk_p_03_th.png,,v,,,,,,
208,box_61,61,30,,,,,3/1/1972,,projectcyberfolk,box_61,hand-drawn_diagram,,,,project cyber folk,sbc_b_61_projectcyberfolk_p_04_high.jpg,sbc_b_61_projectcyberfolk_p_04_high.jpg,diagrama_manuscrito,,,staffordbeercollectionprojectcyberfolk_p_04.tiff,projectcyberfolk,sbc_b_61_projectcyberfolk_p_04_th.png,,v,,,,,,
209,box_61,61,30,,,,,3/1/1972,,projectcyberfolk,box_61,hand-drawn_diagram,,,,project cyber folk,sbc_b_61_projectcyberfolk_p_05_high.jpg,sbc_b_61_projectcyberfolk_p_05_high.jpg,diagrama_manuscrito,,,staffordbeercollectionprojectcyberfolk_p_05.tiff,projectcyberfolk,sbc_b_61_projectcyberfolk_p_05_th.png,,v,,,,,,
210,box_61,61,30,,,,,3/1/1972,,projectcyberfolk,box_61,manuscript,,,,project cyber folk,sbc_b_61_projectcyberfolk_p_06_high.jpg,sbc_b_61_projectcyberfolk_p_06_high.jpg,manuscrito,,,staffordbeercollectionprojectcyberfolk_p_06.tiff,projectcyberfolk,sbc_b_61_projectcyberfolk_p_06_th.png,,v,,,,,,
211,box_61,61,30,,,,,3/1/1972,,projectcyberfolk,box_61,manuscript,,,,project cyber folk,sbc_b_61_projectcyberfolk_p_07_high.jpg,sbc_b_61_projectcyberfolk_p_07_high.jpg,manuscrito,,,staffordbeercollectionprojectcyberfolk_p_07.tiff,projectcyberfolk,sbc_b_61_projectcyberfolk_p_07_th.png,,v,,,,,,
212,box_61,61,30,,,,,3/1/1972,,projectcyberfolk,box_61,manuscript,,,,project cyber folk,sbc_b_61_projectcyberfolk_p_08_high.jpg,sbc_b_61_projectcyberfolk_p_08_high.jpg,manuscrito,,,staffordbeercollectionprojectcyberfolk_p_08.tiff,projectcyberfolk,sbc_b_61_projectcyberfolk_p_08_th.png,,v,,,,,,
213,box_61,61,30,,,,,3/1/1972,,projectcyberfolk,box_61,manuscript,,,,project cyber folk,sbc_b_61_projectcyberfolk_p_09_high.jpg,sbc_b_61_projectcyberfolk_p_09_high.jpg,manuscrito,,,staffordbeercollectionprojectcyberfolk_p_09.tiff,projectcyberfolk,sbc_b_61_projectcyberfolk_p_09_th.png,,v,,,,,,
214,box_62,62,31,,,p1,,20/03/1972,,checo1intec,box_62,manuscript,,,,checo 1 intec,sbc_b_62_checo1intec_p_00_high.jpg,sbc_b_62_checo1intec_p_00_high.jpg,manuscrito,,,staffordbeercollectioncheco1intec_p_00.tiff,checo1intec,sbc_b_62_checo1intec_p_00_th.png,,v,,,,,,
215,box_62,62,31,,,,,20/03/1972,,checo1intec,box_62,manuscript,,,,checo 1 intec,sbc_b_62_checo1intec_p_01_high.jpg,sbc_b_62_checo1intec_p_01_high.jpg,manuscrito,,,staffordbeercollectioncheco1intec_p_01.tiff,checo1intec,sbc_b_62_checo1intec_p_01_th.png,,v,,,,,,
216,box_62,62,32,,,p1,,10/01/1973,,controlroom,box_62,photo,,,,control room photo,sbc_b_62_controlroomphoto_high.jpg,sbc_b_62_controlroomphoto_high.jpg,foto,,,staffordbeercollectioncontrolroomphoto.tiff,controlroom,sbc_b_62_controlroomphoto_th.png,,v,,,,,,
217,box_62,62,32,,,,,13/12/1972,,controlroomp,box_62,photo,,,,control room photo,sbc_b_62_controlroomphoto2_high.jpg,sbc_b_62_controlroomphoto2_high.jpg,foto,,,staffordbeercollectioncontrolroomphoto2.tiff,controlroomp,sbc_b_62_controlroomphoto2_th.png,,v,,,,,,
218,box_62,62,33,,,p1,,05/09/1972,,datafeedtotalindustry,box_62,hand-drawn_diagram,,,,data feed total industry,sbc_b_62_datafeedtotalindustry_p_00_high.jpg,sbc_b_62_datafeedtotalindustry_p_00_high.jpg,diagrama_manuscrito,,,staffordbeercollectiondatafeedtotalindustry_p_00.tiff,datafeedtotalindustry,sbc_b_62_datafeedtotalindustry_p_00_th.png,,v,,,,,,
219,box_62,62,33,,,,,05/09/1972,,datafeedtotalindustry,box_62,hand-drawn_diagram,,,,data feed total industry,sbc_b_62_datafeedtotalindustry_p_01_high.jpg,sbc_b_62_datafeedtotalindustry_p_01_high.jpg,diagrama_manuscrito,,,staffordbeercollectiondatafeedtotalindustry_p_01.tiff,datafeedtotalindustry,sbc_b_62_datafeedtotalindustry_p_01_th.png,,v,,,,,,
220,box_62,62,33,,,,,05/09/1972,,datafeedtotalindustry,box_62,hand-drawn_diagram,,,,data feed total industry,sbc_b_62_datafeedtotalindustry_p_02_high.jpg,sbc_b_62_datafeedtotalindustry_p_02_high.jpg,diagrama_manuscrito,,,staffordbeercollectiondatafeedtotalindustry_p_02.tiff,datafeedtotalindustry,sbc_b_62_datafeedtotalindustry_p_02_th.png,,v,,,,,,
221,box_62,62,33,,,,,05/09/1972,,datafeedtotalindustry,box_62,hand-drawn_diagram,,,,data feed total industry,sbc_b_62_datafeedtotalindustry_p_03_high.jpg,sbc_b_62_datafeedtotalindustry_p_03_high.jpg,diagrama_manuscrito,,,staffordbeercollectiondatafeedtotalindustry_p_03.tiff,datafeedtotalindustry,sbc_b_62_datafeedtotalindustry_p_03_th.png,,v,,,,,,
222,box_62,62,34,,,p1,,various date,,datafeedtotalindustryfirstdesign,box_62,manuscript,,,,data feed total industry first design,sbc_b_62_datafeedtotalindustryfirstdesign_p_00_high.jpg,sbc_b_62_datafeedtotalindustryfirstdesign_p_00_high.jpg,manuscrito,,,staffordbeercollectiondatafeedtotalindustryfirstdesign_p_00.tiff,datafeedtotalindustryfirstdesign,sbc_b_62_datafeedtotalindustryfirstdesign_p_00_th.png,,v,,,,,,
223,box_62,62,34,,,,,various date,,datafeedtotalindustryfirstdesign,box_62,hand-drawn_diagram,,,,data feed total industry first design,sbc_b_62_datafeedtotalindustryfirstdesign_p_01_high.jpg,sbc_b_62_datafeedtotalindustryfirstdesign_p_01_high.jpg,diagrama_manuscrito,,,staffordbeercollectiondatafeedtotalindustryfirstdesign_p_01.tiff,datafeedtotalindustryfirstdesign,sbc_b_62_datafeedtotalindustryfirstdesign_p_01_th.png,,v,,,,,,
224,box_62,62,34,,,,,various date,,datafeedtotalindustryfirstdesign,box_62,manuscript,,,,data feed total industry first design,sbc_b_62_datafeedtotalindustryfirstdesign_p_02_high.jpg,sbc_b_62_datafeedtotalindustryfirstdesign_p_02_high.jpg,manuscrito,,,staffordbeercollectiondatafeedtotalindustryfirstdesign_p_02.tiff,datafeedtotalindustryfirstdesign,sbc_b_62_datafeedtotalindustryfirstdesign_p_02_th.png,,v,,,,,,
225,box_62,62,34,,,,,various date,,datafeedtotalindustryfirstdesign,box_62,manuscript,,,,data feed total industry first design,sbc_b_62_datafeedtotalindustryfirstdesign_p_03_high.jpg,sbc_b_62_datafeedtotalindustryfirstdesign_p_03_high.jpg,manuscrito,,,staffordbeercollectiondatafeedtotalindustryfirstdesign_p_03.tiff,datafeedtotalindustryfirstdesign,sbc_b_62_datafeedtotalindustryfirstdesign_p_03_th.png,,v,,,,,,
226,box_62,62,34,,,,,various date,,datafeedtotalindustryfirstdesign,box_62,official_document,,,,data feed total industry first design,sbc_b_62_datafeedtotalindustryfirstdesign_p_04_high.jpg,sbc_b_62_datafeedtotalindustryfirstdesign_p_04_high.jpg,doc_oficial,,,staffordbeercollectiondatafeedtotalindustryfirstdesign_p_04.tiff,datafeedtotalindustryfirstdesign,sbc_b_62_datafeedtotalindustryfirstdesign_p_04_th.png,,v,,,,,,
227,box_62,62,34,,,,,various date,,datafeedtotalindustryfirstdesign,box_62,hand-drawn_diagram,,,,data feed total industry first design,sbc_b_62_datafeedtotalindustryfirstdesign_p_05_high.jpg,sbc_b_62_datafeedtotalindustryfirstdesign_p_05_high.jpg,diagrama_manuscrito,,,staffordbeercollectiondatafeedtotalindustryfirstdesign_p_05.tiff,datafeedtotalindustryfirstdesign,sbc_b_62_datafeedtotalindustryfirstdesign_p_05_th.png,,v,,,,,,
228,box_62,62,34,,,,,various date,,datafeedtotalindustryfirstdesign,box_62,official_document,,,,data feed total industry first design,sbc_b_62_datafeedtotalindustryfirstdesign_p_06_high.jpg,sbc_b_62_datafeedtotalindustryfirstdesign_p_06_high.jpg,doc_oficial,,,staffordbeercollectiondatafeedtotalindustryfirstdesign_p_06.tiff,datafeedtotalindustryfirstdesign,sbc_b_62_datafeedtotalindustryfirstdesign_p_06_th.png,,v,,,,,,
229,box_62,62,34,,,,,various date,,datafeedtotalindustryfirstdesign,box_62,hand-drawn_diagram,,,,data feed total industry first design,sbc_b_62_datafeedtotalindustryfirstdesign_p_07_high.jpg,sbc_b_62_datafeedtotalindustryfirstdesign_p_07_high.jpg,diagrama_manuscrito,,,staffordbeercollectiondatafeedtotalindustryfirstdesign_p_07.tiff,datafeedtotalindustryfirstdesign,sbc_b_62_datafeedtotalindustryfirstdesign_p_07_th.png,,v,,,,,,
230,box_62,62,34,,,,,various date,,datafeedtotalindustryfirstdesign,box_62,official_document,,,,data feed total industry first design,sbc_b_62_datafeedtotalindustryfirstdesign_p_08_high.jpg,sbc_b_62_datafeedtotalindustryfirstdesign_p_08_high.jpg,doc_oficial,,,staffordbeercollectiondatafeedtotalindustryfirstdesign_p_08.tiff,datafeedtotalindustryfirstdesign,sbc_b_62_datafeedtotalindustryfirstdesign_p_08_th.png,,v,,,,,,
231,box_62,62,34,,,,,various date,,datafeedtotalindustryfirstdesign,box_62,hand-drawn_diagram,,,,data feed total industry first design,sbc_b_62_datafeedtotalindustryfirstdesign_p_09_high.jpg,sbc_b_62_datafeedtotalindustryfirstdesign_p_09_high.jpg,diagrama_manuscrito,,,staffordbeercollectiondatafeedtotalindustryfirstdesign_p_09.tiff,datafeedtotalindustryfirstdesign,sbc_b_62_datafeedtotalindustryfirstdesign_p_09_th.png,,v,,,,,,
232,box_62,62,34,,,,,various date,,datafeedtotalindustryfirstdesign,box_62,hand-drawn_diagram,,,,data feed total industry first design,sbc_b_62_datafeedtotalindustryfirstdesign_p_10_high.jpg,sbc_b_62_datafeedtotalindustryfirstdesign_p_10_high.jpg,diagrama_manuscrito,,,staffordbeercollectiondatafeedtotalindustryfirstdesign_p_10.tiff,datafeedtotalindustryfirstdesign,sbc_b_62_datafeedtotalindustryfirstdesign_p_10_th.png,,v,,,,,,
233,box_62,62,34,,,,,various date,,datafeedtotalindustryfirstdesign,box_62,hand-drawn_diagram,,,,data feed total industry first design,sbc_b_62_datafeedtotalindustryfirstdesign_p_11_high.jpg,sbc_b_62_datafeedtotalindustryfirstdesign_p_11_high.jpg,diagrama_manuscrito,,,staffordbeercollectiondatafeedtotalindustryfirstdesign_p_11.tiff,datafeedtotalindustryfirstdesign,sbc_b_62_datafeedtotalindustryfirstdesign_p_11_th.png,,v,,,,,,
234,box_62,62,34,,,,,various date,,datafeedtotalindustryfirstdesign,box_62,hand-drawn_diagram,,,,data feed total industry first design,sbc_b_62_datafeedtotalindustryfirstdesign_p_12_high.jpg,sbc_b_62_datafeedtotalindustryfirstdesign_p_12_high.jpg,diagrama_manuscrito,,,staffordbeercollectiondatafeedtotalindustryfirstdesign_p_12.tiff,datafeedtotalindustryfirstdesign,sbc_b_62_datafeedtotalindustryfirstdesign_p_12_th.png,,v,,,,,,
235,box_62,62,34,,,,,various date,,datafeedtotalindustryfirstdesign,box_62,hand-drawn_diagram,,,,data feed total industry first design,sbc_b_62_datafeedtotalindustryfirstdesign_p_13_high.jpg,sbc_b_62_datafeedtotalindustryfirstdesign_p_13_high.jpg,diagrama_manuscrito,,,staffordbeercollectiondatafeedtotalindustryfirstdesign_p_13.tiff,datafeedtotalindustryfirstdesign,sbc_b_62_datafeedtotalindustryfirstdesign_p_13_th.png,,v,,,,,,
236,box_62,62,34,,,,,various date,,datafeedtotalindustryfirstdesign,box_62,hand-drawn_diagram,,,,data feed total industry first design,sbc_b_62_datafeedtotalindustryfirstdesign_p_14_high.jpg,sbc_b_62_datafeedtotalindustryfirstdesign_p_14_high.jpg,diagrama_manuscrito,,,staffordbeercollectiondatafeedtotalindustryfirstdesign_p_14.tiff,datafeedtotalindustryfirstdesign,sbc_b_62_datafeedtotalindustryfirstdesign_p_14_th.png,,v,,,,,,
237,box_62,62,34,,,,,various date,,datafeedtotalindustryfirstdesign,box_62,manuscript,,,,data feed total industry first design,sbc_b_62_datafeedtotalindustryfirstdesign_p_15_high.jpg,sbc_b_62_datafeedtotalindustryfirstdesign_p_15_high.jpg,manuscrito,,,staffordbeercollectiondatafeedtotalindustryfirstdesign_p_15.tiff,datafeedtotalindustryfirstdesign,sbc_b_62_datafeedtotalindustryfirstdesign_p_15_th.png,,v,,,,,,
238,box_62,62,34,,,,,various date,,datafeedtotalindustryfirstdesign,box_62,hand-drawn_diagram,,,,data feed total industry first design,sbc_b_62_datafeedtotalindustryfirstdesign_p_16_high.jpg,sbc_b_62_datafeedtotalindustryfirstdesign_p_16_high.jpg,diagrama_manuscrito,,,staffordbeercollectiondatafeedtotalindustryfirstdesign_p_16.tiff,datafeedtotalindustryfirstdesign,sbc_b_62_datafeedtotalindustryfirstdesign_p_16_th.png,,v,,,,,,
239,box_62,62,34,,,,,various date,,datafeedtotalindustryfirstdesign,box_62,manuscript,,,,data feed total industry first design,sbc_b_62_datafeedtotalindustryfirstdesign_p_17_high.jpg,sbc_b_62_datafeedtotalindustryfirstdesign_p_17_high.jpg,manuscrito,,,staffordbeercollectiondatafeedtotalindustryfirstdesign_p_17.tiff,datafeedtotalindustryfirstdesign,sbc_b_62_datafeedtotalindustryfirstdesign_p_17_th.png,,v,,,,,,
240,box_62,62,34,,,,,various date,,datafeedtotalindustryfirstdesign,box_62,hand-drawn_diagram,,,,data feed total industry first design,sbc_b_62_datafeedtotalindustryfirstdesign_p_18_high.jpg,sbc_b_62_datafeedtotalindustryfirstdesign_p_18_high.jpg,diagrama_manuscrito,,,staffordbeercollectiondatafeedtotalindustryfirstdesign_p_18.tiff,datafeedtotalindustryfirstdesign,sbc_b_62_datafeedtotalindustryfirstdesign_p_18_th.png,,v,,,,,,
241,box_62,62,34,,,,,various date,,datafeedtotalindustryfirstdesign,box_62,hand-drawn_diagram,,,,data feed total industry first design,sbc_b_62_datafeedtotalindustryfirstdesign_p_19_high.jpg,sbc_b_62_datafeedtotalindustryfirstdesign_p_19_high.jpg,diagrama_manuscrito,,,staffordbeercollectiondatafeedtotalindustryfirstdesign_p_19.tiff,datafeedtotalindustryfirstdesign,sbc_b_62_datafeedtotalindustryfirstdesign_p_19_th.png,,v,,,,,,
242,box_62,62,34,,,,,various date,,datafeedtotalindustryfirstdesign,box_62,hand-drawn_diagram,,,,data feed total industry first design,sbc_b_62_datafeedtotalindustryfirstdesign_p_20_high.jpg,sbc_b_62_datafeedtotalindustryfirstdesign_p_20_high.jpg,diagrama_manuscrito,,,staffordbeercollectiondatafeedtotalindustryfirstdesign_p_20.tiff,datafeedtotalindustryfirstdesign,sbc_b_62_datafeedtotalindustryfirstdesign_p_20_th.png,,v,,,,,,
243,box_62,62,34,,,,,various date,,datafeedtotalindustryfirstdesign,box_62,hand-drawn_diagram,,,,data feed total industry first design,sbc_b_62_datafeedtotalindustryfirstdesign_p_21_high.jpg,sbc_b_62_datafeedtotalindustryfirstdesign_p_21_high.jpg,diagrama_manuscrito,,,staffordbeercollectiondatafeedtotalindustryfirstdesign_p_21.tiff,datafeedtotalindustryfirstdesign,sbc_b_62_datafeedtotalindustryfirstdesign_p_21_th.png,,v,,,,,,
244,box_62,62,34,,,,,various date,,datafeedtotalindustryfirstdesign,box_62,hand-drawn_diagram,,,,datafeed total industry first design,sbc_b_62_datafeedtotalindustryfirstdesign_p_22_high.jpg,sbc_b_62_datafeedtotalindustryfirstdesign_p_22_high.jpg,diagrama_manuscrito,,,staffordbeercollectiondatafeedtotalindustryfirstdesign_p_22.tiff,datafeedtotalindustryfirstdesign,sbc_b_62_datafeedtotalindustryfirstdesign_p_22_th.png,,v,,,,,,
245,box_62,62,34,,,,,various date,,datafeedtotalindustryfirstdesign,box_62,hand-drawn_diagram,,,,datafeed total industry first design,sbc_b_62_datafeedtotalindustryfirstdesign_p_23_high.jpg,sbc_b_62_datafeedtotalindustryfirstdesign_p_23_high.jpg,diagrama_manuscrito,,,staffordbeercollectiondatafeedtotalindustryfirstdesign_p_23.tiff,datafeedtotalindustryfirstdesign,sbc_b_62_datafeedtotalindustryfirstdesign_p_23_th.png,,v,,,,,,
246,box_62,62,34,,,,,various date,,datafeedtotalindustryfirstdesign,box_62,hand-drawn_diagram,,,,data feed total industry first design,sbc_b_62_datafeedtotalindustryfirstdesign_p_24_high.jpg,sbc_b_62_datafeedtotalindustryfirstdesign_p_24_high.jpg,diagrama_manuscrito,,,staffordbeercollectiondatafeedtotalindustryfirstdesign_p_24.tiff,datafeedtotalindustryfirstdesign,sbc_b_62_datafeedtotalindustryfirstdesign_p_24_th.png,,v,,,,,,
247,box_62,62,34,,,,,various date,,datafeedtotalindustryfirstdesign,box_62,hand-drawn_diagram,,,,data feed total industry first design,sbc_b_62_datafeedtotalindustryfirstdesign_p_25_high.jpg,sbc_b_62_datafeedtotalindustryfirstdesign_p_25_high.jpg,diagrama_manuscrito,,,staffordbeercollectiondatafeedtotalindustryfirstdesign_p_25.tiff,datafeedtotalindustryfirstdesign,sbc_b_62_datafeedtotalindustryfirstdesign_p_25_th.png,,v,,,,,,
248,box_62,62,34,,,,,various date,,datafeedtotalindustryfirstdesign,box_62,hand-drawn_diagram,,,,data feed total industry first design,sbc_b_62_datafeedtotalindustryfirstdesign_p_26_high.jpg,sbc_b_62_datafeedtotalindustryfirstdesign_p_26_high.jpg,diagrama_manuscrito,,,staffordbeercollectiondatafeedtotalindustryfirstdesign_p_26.tiff,datafeedtotalindustryfirstdesign,sbc_b_62_datafeedtotalindustryfirstdesign_p_26_th.png,,v,,,,,,
249,box_62,62,34,,,,,various date,,datafeedtotalindustryfirstdesign,box_62,hand-drawn_diagram,,,,data feed total industry first design,sbc_b_62_datafeedtotalindustryfirstdesign_p_27_high.jpg,sbc_b_62_datafeedtotalindustryfirstdesign_p_27_high.jpg,diagrama_manuscrito,,,staffordbeercollectiondatafeedtotalindustryfirstdesign_p_27.tiff,datafeedtotalindustryfirstdesign,sbc_b_62_datafeedtotalindustryfirstdesign_p_27_th.png,,v,,,,,,
250,box_62,62,34,,,,,various date,,datafeedtotalindustryfirstdesign,box_62,hand-drawn_diagram,,,,data feed total industry first design,sbc_b_62_datafeedtotalindustryfirstdesign_p_28_high.jpg,sbc_b_62_datafeedtotalindustryfirstdesign_p_28_high.jpg,diagrama_manuscrito,,,staffordbeercollectiondatafeedtotalindustryfirstdesign_p_28.tiff,datafeedtotalindustryfirstdesign,sbc_b_62_datafeedtotalindustryfirstdesign_p_28_th.png,,v,,,,,,
251,box_62,62,34,,,,,various date,,datafeedtotalindustryfirstdesign,box_62,hand-drawn_diagram,,,,data feed total industry first design,sbc_b_62_datafeedtotalindustryfirstdesign_p_29_high.jpg,sbc_b_62_datafeedtotalindustryfirstdesign_p_29_high.jpg,diagrama_manuscrito,,,staffordbeercollectiondatafeedtotalindustryfirstdesign_p_29.tiff,datafeedtotalindustryfirstdesign,sbc_b_62_datafeedtotalindustryfirstdesign_p_29_th.png,,v,,,,,,
252,box_62,62,34,,,,,various date,,datafeedtotalindustryfirstdesign,box_62,hand-drawn_diagram,,,,datafeed total industry first design,sbc_b_62_datafeedtotalindustryfirstdesign_p_30_high.jpg,sbc_b_62_datafeedtotalindustryfirstdesign_p_30_high.jpg,diagrama_manuscrito,,,staffordbeercollectiondatafeedtotalindustryfirstdesign_p_30.tiff,datafeedtotalindustryfirstdesign,sbc_b_62_datafeedtotalindustryfirstdesign_p_30_th.png,,v,,,,,,
253,box_62,62,34,,,,,various date,,datafeedtotalindustryfirstdesign,box_62,official_document,,,,data feed total industry first design,sbc_b_62_datafeedtotalindustryfirstdesign_p_31_high.jpg,sbc_b_62_datafeedtotalindustryfirstdesign_p_31_high.jpg,doc_oficial,,,staffordbeercollectiondatafeedtotalindustryfirstdesign_p_31.tiff,datafeedtotalindustryfirstdesign,sbc_b_62_datafeedtotalindustryfirstdesign_p_31_th.png,,v,,,,,,
254,box_62,62,34,,,,,various date,,datafeedtotalindustryfirstdesign,box_62,hand-drawn_diagram,,,,data feed total industry first design,sbc_b_62_datafeedtotalindustryfirstdesign_p_32_high.jpg,sbc_b_62_datafeedtotalindustryfirstdesign_p_32_high.jpg,diagrama_manuscrito,,,staffordbeercollectiondatafeedtotalindustryfirstdesign_p_32.tiff,datafeedtotalindustryfirstdesign,sbc_b_62_datafeedtotalindustryfirstdesign_p_32_th.png,,v,,,,,,
255,box_62,62,34,,,,,various date,,datafeedtotalindustryfirstdesign,box_62,official_document,,,,data feed total industry first design,sbc_b_62_datafeedtotalindustryfirstdesign_p_33_high.jpg,sbc_b_62_datafeedtotalindustryfirstdesign_p_33_high.jpg,doc_oficial,,,staffordbeercollectiondatafeedtotalindustryfirstdesign_p_33.tiff,datafeedtotalindustryfirstdesign,sbc_b_62_datafeedtotalindustryfirstdesign_p_33_th.png,,v,,,,,,
256,box_62,62,34,,,,,various date,,datafeedtotalindustryfirstdesign,box_62,hand-drawn_diagram,,,,data feed total industry first design,sbc_b_62_datafeedtotalindustryfirstdesign_p_34_high.jpg,sbc_b_62_datafeedtotalindustryfirstdesign_p_34_high.jpg,diagrama_manuscrito,,,staffordbeercollectiondatafeedtotalindustryfirstdesign_p_34.tiff,datafeedtotalindustryfirstdesign,sbc_b_62_datafeedtotalindustryfirstdesign_p_34_th.png,,v,,,,,,
257,box_62,62,34,,,,,various date,,datafeedtotalindustryfirstdesign,box_62,manuscript,,,,data feed total industry first design,sbc_b_62_datafeedtotalindustryfirstdesign_p_35_high.jpg,sbc_b_62_datafeedtotalindustryfirstdesign_p_35_high.jpg,manuscrito,,,staffordbeercollectiondatafeedtotalindustryfirstdesign_p_35.tiff,datafeedtotalindustryfirstdesign,sbc_b_62_datafeedtotalindustryfirstdesign_p_35_th.png,,v,,,,,,
258,box_62,62,34,,,,,various date,,datafeedtotalindustryfirstdesign,box_62,hand-drawn_diagram,,,,data feed total industry first design,sbc_b_62_datafeedtotalindustryfirstdesign_p_36_high.jpg,sbc_b_62_datafeedtotalindustryfirstdesign_p_36_high.jpg,diagrama_manuscrito,,,staffordbeercollectiondatafeedtotalindustryfirstdesign_p_36.tiff,datafeedtotalindustryfirstdesign,sbc_b_62_datafeedtotalindustryfirstdesign_p_36_th.png,,v,,,,,,
259,box_62,62,34,,,,,various date,,datafeedtotalindustryfirstdesign,box_62,hand-drawn_diagram,,,,datafeed total industry first design,sbc_b_62_datafeedtotalindustryfirstdesign_p_37_high.jpg,sbc_b_62_datafeedtotalindustryfirstdesign_p_37_high.jpg,diagrama_manuscrito,,,staffordbeercollectiondatafeedtotalindustryfirstdesign_p_37.tiff,datafeedtotalindustryfirstdesign,sbc_b_62_datafeedtotalindustryfirstdesign_p_37_th.png,,v,,,,,,
260,box_62,62,34,,,,,various date,,datafeedtotalindustryfirstdesign,box_62,hand-drawn_diagram,,,,data feed total industry first design,sbc_b_62_datafeedtotalindustryfirstdesign_p_38_high.jpg,sbc_b_62_datafeedtotalindustryfirstdesign_p_38_high.jpg,diagrama_manuscrito,,,staffordbeercollectiondatafeedtotalindustryfirstdesign_p_38.tiff,datafeedtotalindustryfirstdesign,sbc_b_62_datafeedtotalindustryfirstdesign_p_38_th.png,,v,,,,,,
261,box_62,62,34,,,,,various date,,datafeedtotalindustryfirstdesign,box_62,hand-drawn_diagram,,,,data feed total industry first design,sbc_b_62_datafeedtotalindustryfirstdesign_p_39_high.jpg,sbc_b_62_datafeedtotalindustryfirstdesign_p_39_high.jpg,diagrama_manuscrito,,,staffordbeercollectiondatafeedtotalindustryfirstdesign_p_39.tiff,datafeedtotalindustryfirstdesign,sbc_b_62_datafeedtotalindustryfirstdesign_p_39_th.png,,v,,,,,,
262,box_62,62,34,,,,,various date,,datafeedtotalindustryfirstdesign,box_62,hand-drawn_diagram,,,,data feed total industry first design,sbc_b_62_datafeedtotalindustryfirstdesign_p_40_high.jpg,sbc_b_62_datafeedtotalindustryfirstdesign_p_40_high.jpg,diagrama_manuscrito,,,staffordbeercollectiondatafeedtotalindustryfirstdesign_p_40.tiff,datafeedtotalindustryfirstdesign,sbc_b_62_datafeedtotalindustryfirstdesign_p_40_th.png,,v,,,,,,
263,box_62,62,34,,,,,various date,,datafeedtotalindustryfirstdesign,box_62,hand-drawn_diagram,,,,datafeed total industry first design,sbc_b_62_datafeedtotalindustryfirstdesign_p_41_high.jpg,sbc_b_62_datafeedtotalindustryfirstdesign_p_41_high.jpg,diagrama_manuscrito,,,staffordbeercollectiondatafeedtotalindustryfirstdesign_p_41.tiff,datafeedtotalindustryfirstdesign,sbc_b_62_datafeedtotalindustryfirstdesign_p_41_th.png,,v,,,,,,
264,box_62,62,34,,,,,various date,,datafeedtotalindustryfirstdesign,box_62,hand-drawn_diagram,,,,data feed total industry first design,sbc_b_62_datafeedtotalindustryfirstdesign_p_42_high.jpg,sbc_b_62_datafeedtotalindustryfirstdesign_p_42_high.jpg,diagrama_manuscrito,,,staffordbeercollectiondatafeedtotalindustryfirstdesign_p_42.tiff,datafeedtotalindustryfirstdesign,sbc_b_62_datafeedtotalindustryfirstdesign_p_42_th.png,,v,,,,,,
265,box_62,62,34,,,,,various date,,datafeedtotalindustryfirstdesign,box_62,hand-drawn_diagram,,,,data feed total industry first design,sbc_b_62_datafeedtotalindustryfirstdesign_p_43_high.jpg,sbc_b_62_datafeedtotalindustryfirstdesign_p_43_high.jpg,diagrama_manuscrito,,,staffordbeercollectiondatafeedtotalindustryfirstdesign_p_43.tiff,datafeedtotalindustryfirstdesign,sbc_b_62_datafeedtotalindustryfirstdesign_p_43_th.png,,v,,,,,,
266,box_62,62,34,,,,,various date,,datafeedtotalindustryfirstdesign,box_62,hand-drawn_diagram,,,,data feed total industry first design,sbc_b_62_datafeedtotalindustryfirstdesign_p_44_high.jpg,sbc_b_62_datafeedtotalindustryfirstdesign_p_44_high.jpg,diagrama_manuscrito,,,staffordbeercollectiondatafeedtotalindustryfirstdesign_p_44.tiff,datafeedtotalindustryfirstdesign,sbc_b_62_datafeedtotalindustryfirstdesign_p_44_th.png,,v,,,,,,
267,box_62,62,34,,,,,various date,,datafeedtotalindustryfirstdesign,box_62,manuscript,,,,data feed total industry first design,sbc_b_62_datafeedtotalindustryfirstdesign_p_45_high.jpg,sbc_b_62_datafeedtotalindustryfirstdesign_p_45_high.jpg,manuscrito,,,staffordbeercollectiondatafeedtotalindustryfirstdesign_p_45.tiff,datafeedtotalindustryfirstdesign,sbc_b_62_datafeedtotalindustryfirstdesign_p_45_th.png,,v,,,,,,
268,box_62,62,34,,,,,various date,,datafeedtotalindustryfirstdesign,box_62,hand-drawn_diagram,,,,data feed total industry first design,sbc_b_62_datafeedtotalindustryfirstdesign_p_46_high.jpg,sbc_b_62_datafeedtotalindustryfirstdesign_p_46_high.jpg,diagrama_manuscrito,,,staffordbeercollectiondatafeedtotalindustryfirstdesign_p_46.tiff,datafeedtotalindustryfirstdesign,sbc_b_62_datafeedtotalindustryfirstdesign_p_46_th.png,,v,,,,,,
269,box_62,62,34,,,,,various date,,datafeedtotalindustryfirstdesign,box_62,hand-drawn_diagram,,,,data feed total industry first design,sbc_b_62_datafeedtotalindustryfirstdesign_p_47_high.jpg,sbc_b_62_datafeedtotalindustryfirstdesign_p_47_high.jpg,diagrama_manuscrito,,,staffordbeercollectiondatafeedtotalindustryfirstdesign_p_47.tiff,datafeedtotalindustryfirstdesign,sbc_b_62_datafeedtotalindustryfirstdesign_p_47_th.png,,v,,,,,,
270,box_62,62,34,,,,,various date,,datafeedtotalindustryfirstdesign,box_62,hand-drawn_diagram,,,,data feed total industry first design,sbc_b_62_datafeedtotalindustryfirstdesign_p_48_high.jpg,sbc_b_62_datafeedtotalindustryfirstdesign_p_48_high.jpg,diagrama_manuscrito,,,staffordbeercollectiondatafeedtotalindustryfirstdesign_p_48.tiff,datafeedtotalindustryfirstdesign,sbc_b_62_datafeedtotalindustryfirstdesign_p_48_th.png,,v,,,,,,
271,box_62,62,34,,,,,various date,,datafeedtotalindustryfirstdesign,box_62,hand-drawn_diagram,,,,data feed total industry first design,sbc_b_62_datafeedtotalindustryfirstdesign_p_49_high.jpg,sbc_b_62_datafeedtotalindustryfirstdesign_p_49_high.jpg,diagrama_manuscrito,,,staffordbeercollectiondatafeedtotalindustryfirstdesign_p_49.tiff,datafeedtotalindustryfirstdesign,sbc_b_62_datafeedtotalindustryfirstdesign_p_49_th.png,,v,,,,,,
272,box_62,62,34,,,,,various date,,datafeedtotalindustryfirstdesign,box_62,hand-drawn_diagram,,,,data feed total industry first design,sbc_b_62_datafeedtotalindustryfirstdesign_p_50_high.jpg,sbc_b_62_datafeedtotalindustryfirstdesign_p_50_high.jpg,diagrama_manuscrito,,,staffordbeercollectiondatafeedtotalindustryfirstdesign_p_50.tiff,datafeedtotalindustryfirstdesign,sbc_b_62_datafeedtotalindustryfirstdesign_p_50_th.png,,v,,,,,,
273,box_62,62,34,,,,,various date,,datafeedtotalindustryfirstdesign,box_62,hand-drawn_diagram,,,,data feed total industry first design,sbc_b_62_datafeedtotalindustryfirstdesign_p_51_high.jpg,sbc_b_62_datafeedtotalindustryfirstdesign_p_51_high.jpg,diagrama_manuscrito,,,staffordbeercollectiondatafeedtotalindustryfirstdesign_p_51.tiff,datafeedtotalindustryfirstdesign,sbc_b_62_datafeedtotalindustryfirstdesign_p_51_th.png,,v,,,,,,
274,box_62,62,35,,,p1,,01/10/1972,,lettertoelectrosonic,box_62,official_document,,,,letter to electro sonic,sbc_b_62_lettertoelectrosonic_p_00_high.jpg,sbc_b_62_lettertoelectrosonic_p_00_high.jpg,doc_oficial,,,staffordbeercollectionlettertoelectrosonic_p_00.tiff,lettertoelectrosonic,sbc_b_62_lettertoelectrosonic_p_00_th.png,,v,,,,,,
275,box_62,62,35,,,,,01/10/1972,,lettertoelectrosonic,box_62,official_document,,,,letter to electro sonic,sbc_b_62_lettertoelectrosonic_p_01_high.jpg,sbc_b_62_lettertoelectrosonic_p_01_high.jpg,doc_oficial,,,staffordbeercollectionlettertoelectrosonic_p_01.tiff,lettertoelectrosonic,sbc_b_62_lettertoelectrosonic_p_01_th.png,,v,,,,,,
276,box_62,62,36,,,p1,,15/09/1972,,lettertogdcrosby,box_62,official_document,,,,letter to gd crosby,sbc_b_62_lettertogdcrosby_p_00_high.jpg,sbc_b_62_lettertogdcrosby_p_00_high.jpg,doc_oficial,,,staffordbeercollectionlettertogdcrosby_p_00.tiff,lettertogdcrosby,sbc_b_62_lettertogdcrosby_p_00_th.png,,v,,,,,,
277,box_62,62,36,,,,,15/09/1972,,lettertogdcrosby,box_62,official_document,,,,letter to gd crosby,sbc_b_62_lettertogdcrosby_p_01_high.jpg,sbc_b_62_lettertogdcrosby_p_01_high.jpg,doc_oficial,,,staffordbeercollectionlettertogdcrosby_p_01.tiff,lettertogdcrosby,sbc_b_62_lettertogdcrosby_p_01_th.png,,v,,,,,,
278,box_62,62,36,,,,,15/09/1972,,lettertogdcrosby,box_62,hand-drawn_diagram,,,,letter to gd crosby,sbc_b_62_lettertogdcrosby_p_02_high.jpg,sbc_b_62_lettertogdcrosby_p_02_high.jpg,diagrama_manuscrito,,,staffordbeercollectionlettertogdcrosby_p_02.tiff,lettertogdcrosby,sbc_b_62_lettertogdcrosby_p_02_th.png,,v,,,,,,
279,box_62,62,36,,,,,15/09/1972,,lettertogdcrosby,box_62,hand-drawn_diagram,,,,letter to gd crosby,sbc_b_62_lettertogdcrosby_p_03_high.jpg,sbc_b_62_lettertogdcrosby_p_03_high.jpg,diagrama_manuscrito,,,staffordbeercollectionlettertogdcrosby_p_03.tiff,lettertogdcrosby,sbc_b_62_lettertogdcrosby_p_03_th.png,,v,,,,,,
280,box_62,62,37,,,p1,,3/1/1972,,operationsroom,box_62b,diagram,,,,operations room,sbc_b_62_operationsroom_p_00_high.jpg,sbc_b_62_operationsroom_p_00_high.jpg,diagrama,,,staffordbeercollectionoperationsroom_p_00.tiff,operationsroom,sbc_b_62_operationsroom_p_00_th.png,,v,,,,,,
281,box_62,62,37,,,,,3/1/1972,,operationsroom,box_62b,diagram,,,,operations room,sbc_b_62_operationsroom_p_01_high.jpg,sbc_b_62_operationsroom_p_01_high.jpg,diagrama,,,staffordbeercollectionoperationsroom_p_01.tiff,operationsroom,sbc_b_62_operationsroom_p_01_th.png,,v,,,,,,
282,box_62,62,37,,,,,3/1/1972,,operationsroom,box_62b,diagram,,,,operations room,sbc_b_62_operationsroom_p_02_high.jpg,sbc_b_62_operationsroom_p_02_high.jpg,diagrama,,,staffordbeercollectionoperationsroom_p_02.tiff,operationsroom,sbc_b_62_operationsroom_p_02_th.png,,v,,,,,,
283,box_62,62,37,,,,,3/1/1972,,operationsroom,box_62b,diagram,,,,operations room,sbc_b_62_operationsroom_p_03_high.jpg,sbc_b_62_operationsroom_p_03_high.jpg,diagrama,,,staffordbeercollectionoperationsroom_p_03.tiff,operationsroom,sbc_b_62_operationsroom_p_03_th.png,,v,,,,,,
284,box_62,62,37,,,,,3/1/1972,,operationsroom,box_62b,diagram,,,,operations room,sbc_b_62_operationsroom_p_04_high.jpg,sbc_b_62_operationsroom_p_04_high.jpg,diagrama,,,staffordbeercollectionoperationsroom_p_04.tiff,operationsroom,sbc_b_62_operationsroom_p_04_th.png,,v,,,,,,
285,box_62,62,37,,,,,3/1/1972,,operationsroom,box_62b,diagram,,,,operations room,sbc_b_62_operationsroom_p_05_high.jpg,sbc_b_62_operationsroom_p_05_high.jpg,diagrama,,,staffordbeercollectionoperationsroom_p_05.tiff,operationsroom,sbc_b_62_operationsroom_p_05_th.png,,v,,,,,,
286,box_62,62,37,,,,,3/1/1972,,operationsroom,box_62b,diagram,,,,operations room,sbc_b_62_operationsroom_p_06_high.jpg,sbc_b_62_operationsroom_p_06_high.jpg,diagrama,,,staffordbeercollectionoperationsroom_p_06.tiff,operationsroom,sbc_b_62_operationsroom_p_06_th.png,,v,,,,,,
287,box_62,62,37,,,,,3/1/1972,,operationsroom,box_62b,diagram,,,,operations room,sbc_b_62_operationsroom_p_07_high.jpg,sbc_b_62_operationsroom_p_07_high.jpg,diagrama,,,staffordbeercollectionoperationsroom_p_07.tiff,operationsroom,sbc_b_62_operationsroom_p_07_th.png,,v,,,,,,
288,box_62,62,37,,,,,3/1/1972,,operationsroom,box_62b,manuscript,,,,operations room,sbc_b_62_operationsroom_p_08_high.jpg,sbc_b_62_operationsroom_p_08_high.jpg,manuscrito,,,staffordbeercollectionoperationsroom_p_08.tiff,operationsroom,sbc_b_62_operationsroom_p_08_th.png,,v,,,,,,
289,box_62,62,37,,,,,3/1/1972,,operationsroom,box_62b,diagram,,,,operations room,sbc_b_62_operationsroom_p_09_high.jpg,sbc_b_62_operationsroom_p_09_high.jpg,diagrama,,,staffordbeercollectionoperationsroom_p_09.tiff,operationsroom,sbc_b_62_operationsroom_p_09_th.png,,v,,,,,,
290,box_62,62,37,,,,,3/1/1972,,operationsroom,box_62b,diagram,,,,operations room,sbc_b_62_operationsroom_p_10_high.jpg,sbc_b_62_operationsroom_p_10_high.jpg,diagrama,,,staffordbeercollectionoperationsroom_p_10.tiff,operationsroom,sbc_b_62_operationsroom_p_10_th.png,,v,,,,,,
291,box_62,62,37,,,,,3/1/1972,,operationsroom,box_62b,diagram,,,,operations room,sbc_b_62_operationsroom_p_11_high.jpg,sbc_b_62_operationsroom_p_11_high.jpg,diagrama,,,staffordbeercollectionoperationsroom_p_11.tiff,operationsroom,sbc_b_62_operationsroom_p_11_th.png,,v,,,,,,
292,box_62,62,37,,,,,3/1/1972,,operationsroom,box_62b,diagram,,,,operations room,sbc_b_62_operationsroom_p_12_high.jpg,sbc_b_62_operationsroom_p_12_high.jpg,diagrama,,,staffordbeercollectionoperationsroom_p_12.tiff,operationsroom,sbc_b_62_operationsroom_p_12_th.png,,v,,,,,,
293,box_62,62,37,,,,,3/1/1972,,operationsroom,box_62b,diagram,,,,operations room,sbc_b_62_operationsroom_p_13_high.jpg,sbc_b_62_operationsroom_p_13_high.jpg,diagrama,,,staffordbeercollectionoperationsroom_p_13.tiff,operationsroom,sbc_b_62_operationsroom_p_13_th.png,,v,,,,,,
294,box_62,62,37,,,,,3/1/1972,,operationsroom,box_62b,diagram,,,,operations room,sbc_b_62_operationsroom_p_14_high.jpg,sbc_b_62_operationsroom_p_14_high.jpg,diagrama,,,staffordbeercollectionoperationsroom_p_14.tiff,operationsroom,sbc_b_62_operationsroom_p_14_th.png,,v,,,,,,
295,box_62,62,37,,,,,3/1/1972,,operationsroom,box_62b,diagram,,,,operations room,sbc_b_62_operationsroom_p_15_high.jpg,sbc_b_62_operationsroom_p_15_high.jpg,diagrama,,,staffordbeercollectionoperationsroom_p_15.tiff,operationsroom,sbc_b_62_operationsroom_p_15_th.png,,v,,,,,,
296,box_62,62,37,,,,,3/1/1972,,operationsroom,box_62b,diagram,,,,operations room,sbc_b_62_operationsroom_p_16_high.jpg,sbc_b_62_operationsroom_p_16_high.jpg,diagrama,,,staffordbeercollectionoperationsroom_p_16.tiff,operationsroom,sbc_b_62_operationsroom_p_16_th.png,,v,,,,,,
297,box_62,62,37,,,,,3/1/1972,,operationsroom,box_62b,diagram,,,,operations room,sbc_b_62_operationsroom_p_17_high.jpg,sbc_b_62_operationsroom_p_17_high.jpg,diagrama,,,staffordbeercollectionoperationsroom_p_17.tiff,operationsroom,sbc_b_62_operationsroom_p_17_th.png,,v,,,,,,
298,box_62,62,37,,,,,3/1/1972,,operationsroom,box_62b,manuscript,,,,operations room,sbc_b_62_operationsroom_p_18_high.jpg,sbc_b_62_operationsroom_p_18_high.jpg,manuscrito,,,staffordbeercollectionoperationsroom_p_18.tiff,operationsroom,sbc_b_62_operationsroom_p_18_th.png,,v,,,,,,
299,box_62,62,37,,,,,3/1/1972,,operationsroom,box_62b,manuscript,,,,operations room,sbc_b_62_operationsroom_p_19_high.jpg,sbc_b_62_operationsroom_p_19_high.jpg,manuscrito,,,staffordbeercollectionoperationsroom_p_19.tiff,operationsroom,sbc_b_62_operationsroom_p_19_th.png,,v,,,,,,
300,box_62,62,37,,,,,3/1/1972,,operationsroom,box_62b,manuscript,,,,operations room,sbc_b_62_operationsroom_p_20_high.jpg,sbc_b_62_operationsroom_p_20_high.jpg,manuscrito,,,staffordbeercollectionoperationsroom_p_20.tiff,operationsroom,sbc_b_62_operationsroom_p_20_th.png,,v,,,,,,
301,box_62,62,37,,,,,3/1/1972,,operationsroom,box_62b,manuscript,,,,operations room,sbc_b_62_operationsroom_p_21_high.jpg,sbc_b_62_operationsroom_p_21_high.jpg,manuscrito,,,staffordbeercollectionoperationsroom_p_21.tiff,operationsroom,sbc_b_62_operationsroom_p_21_th.png,,v,,,,,,
302,box_62,62,37,,,,,3/1/1972,,operationsroom,box_62b,diagram,,,,operations room,sbc_b_62_operationsroom_p_22_high.jpg,sbc_b_62_operationsroom_p_22_high.jpg,diagrama,,,staffordbeercollectionoperationsroom_p_22.tiff,operationsroom,sbc_b_62_operationsroom_p_22_th.png,,v,,,,,,
303,box_62,62,37,,,,,3/1/1972,,operationsroom,box_62b,hand-drawn_diagram,,,,operations room,sbc_b_62_operationsroom_p_23_high.jpg,sbc_b_62_operationsroom_p_23_high.jpg,diagrama_manuscrito,,,staffordbeercollectionoperationsroom_p_23.tiff,operationsroom,sbc_b_62_operationsroom_p_23_th.png,,v,,,,,,
304,box_62,62,37,,,,,3/1/1972,,operationsroom,box_62b,hand-drawn_diagram,,,,operations room,sbc_b_62_operationsroom_p_24_high.jpg,sbc_b_62_operationsroom_p_24_high.jpg,diagrama_manuscrito,,,staffordbeercollectionoperationsroom_p_24.tiff,operationsroom,sbc_b_62_operationsroom_p_24_th.png,,v,,,,,,
305,box_62,62,37,,,,,3/1/1972,,operationsroom,box_62b,hand-drawn_diagram,,,,operations room,sbc_b_62_operationsroom_p_25_high.jpg,sbc_b_62_operationsroom_p_25_high.jpg,diagrama_manuscrito,,,staffordbeercollectionoperationsroom_p_25.tiff,operationsroom,sbc_b_62_operationsroom_p_25_th.png,,v,,,,,,
306,box_62,62,37,,,,,3/1/1972,,operationsroom,box_62b,diagram,,,,operations room,sbc_b_62_operationsroom_p_26_high.jpg,sbc_b_62_operationsroom_p_26_high.jpg,diagrama,,,staffordbeercollectionoperationsroom_p_26.tiff,operationsroom,sbc_b_62_operationsroom_p_26_th.png,,v,,,,,,
307,box_62,62,37,,,,,3/1/1972,,operationsroom,box_62b,hand-drawn_diagram,,,,operations room,sbc_b_62_operationsroom_p_27_high.jpg,sbc_b_62_operationsroom_p_27_high.jpg,diagrama_manuscrito,,,staffordbeercollectionoperationsroom_p_27.tiff,operationsroom,sbc_b_62_operationsroom_p_27_th.png,,v,,,,,,
308,box_62,62,37,,,,,3/1/1972,,operationsroom,box_62b,hand-drawn_diagram,,,,operations room,sbc_b_62_operationsroom_p_28_high.jpg,sbc_b_62_operationsroom_p_28_high.jpg,diagrama_manuscrito,,,staffordbeercollectionoperationsroom_p_28.tiff,operationsroom,sbc_b_62_operationsroom_p_28_th.png,,v,,,,,,
309,box_62,62,37,,,,,3/1/1972,,operationsroom,box_62b,hand-drawn_diagram,,,,operations room,sbc_b_62_operationsroom_p_29_high.jpg,sbc_b_62_operationsroom_p_29_high.jpg,diagrama_manuscrito,,,staffordbeercollectionoperationsroom_p_29.tiff,operationsroom,sbc_b_62_operationsroom_p_29_th.png,,v,,,,,,
310,box_62,62,37,,,,,3/1/1972,,operationsroom,box_62b,hand-drawn_diagram,,,,operations room,sbc_b_62_operationsroom_p_30_high.jpg,sbc_b_62_operationsroom_p_30_high.jpg,diagrama_manuscrito,,,staffordbeercollectionoperationsroom_p_30.tiff,operationsroom,sbc_b_62_operationsroom_p_30_th.png,,v,,,,,,
311,box_62,62,37,,,,,3/1/1972,,operationsroom,box_62b,hand-drawn_diagram,,,,operations room,sbc_b_62_operationsroom_p_31_high.jpg,sbc_b_62_operationsroom_p_31_high.jpg,diagrama_manuscrito,,,staffordbeercollectionoperationsroom_p_31.tiff,operationsroom,sbc_b_62_operationsroom_p_31_th.png,,v,,,,,,
312,box_62,62,37,,,,,3/1/1972,,operationsroom,box_62b,manuscript,,,,operations room,sbc_b_62_operationsroom_p_32_high.jpg,sbc_b_62_operationsroom_p_32_high.jpg,manuscrito,,,staffordbeercollectionoperationsroom_p_32.tiff,operationsroom,sbc_b_62_operationsroom_p_32_th.png,,v,,,,,,
313,box_62,62,37,,,,,3/1/1972,,operationsroom,box_62b,manuscript,,,,operations room,sbc_b_62_operationsroom_p_33_high.jpg,sbc_b_62_operationsroom_p_33_high.jpg,manuscrito,,,staffordbeercollectionoperationsroom_p_33.tiff,operationsroom,sbc_b_62_operationsroom_p_33_th.png,,v,,,,,,
314,box_62,62,37,,,,,3/1/1972,,operationsroom,box_62b,manuscript,,,,operations room,sbc_b_62_operationsroom_p_34_high.jpg,sbc_b_62_operationsroom_p_34_high.jpg,manuscrito,,,staffordbeercollectionoperationsroom_p_34.tiff,operationsroom,sbc_b_62_operationsroom_p_34_th.png,,v,,,,,,
315,box_62,62,37,,,,,3/1/1972,,operationsroom,box_62b,manuscript,,,,operations room,sbc_b_62_operationsroom_p_35_high.jpg,sbc_b_62_operationsroom_p_35_high.jpg,manuscrito,,,staffordbeercollectionoperationsroom_p_35.tiff,operationsroom,sbc_b_62_operationsroom_p_35_th.png,,v,,,,,,
316,box_62,62,37,,,,,3/1/1972,,operationsroom,box_62b,manuscript,,,,operations room,sbc_b_62_operationsroom_p_36_high.jpg,sbc_b_62_operationsroom_p_36_high.jpg,manuscrito,,,staffordbeercollectionoperationsroom_p_36.tiff,operationsroom,sbc_b_62_operationsroom_p_36_th.png,,v,,,,,,
317,box_62,62,37,,,,,3/1/1972,,operationsroom,box_62b,manuscript,,,,operations room,sbc_b_62_operationsroom_p_37_high.jpg,sbc_b_62_operationsroom_p_37_high.jpg,manuscrito,,,staffordbeercollectionoperationsroom_p_37.tiff,operationsroom,sbc_b_62_operationsroom_p_37_th.png,,v,,,,,,
318,box_62,62,37,,,,,3/1/1972,,operationsroom,box_62b,manuscript,,,,operations room,sbc_b_62_operationsroom_p_38_high.jpg,sbc_b_62_operationsroom_p_38_high.jpg,manuscrito,,,staffordbeercollectionoperationsroom_p_38.tiff,operationsroom,sbc_b_62_operationsroom_p_38_th.png,,v,,,,,,
319,box_62,62,37,,,,,3/1/1972,,operationsroom,box_62b,diagram,,,,operations room,sbc_b_62_operationsroom_p_39_high.jpg,sbc_b_62_operationsroom_p_39_high.jpg,diagrama,,,staffordbeercollectionoperationsroom_p_39.tiff,operationsroom,sbc_b_62_operationsroom_p_39_th.png,,v,,,,,,
320,box_62,62,37,,,,,3/1/1972,,operationsroom,box_62b,diagram,,,,operations room,sbc_b_62_operationsroom_p_40_high.jpg,sbc_b_62_operationsroom_p_40_high.jpg,diagrama,,,staffordbeercollectionoperationsroom_p_40.tiff,operationsroom,sbc_b_62_operationsroom_p_40_th.png,,v,,,,,,
321,box_62,62,37,,,,,3/1/1972,,operationsroom,box_62b,diagram,,,,operations room,sbc_b_62_operationsroom_p_41_high.jpg,sbc_b_62_operationsroom_p_41_high.jpg,diagrama,,,staffordbeercollectionoperationsroom_p_41.tiff,operationsroom,sbc_b_62_operationsroom_p_41_th.png,,v,,,,,,
322,box_62,62,37,,,,,3/1/1972,,operationsroom,box_62b,manuscript,,,,operations room,sbc_b_62_operationsroom_p_42_high.jpg,sbc_b_62_operationsroom_p_42_high.jpg,manuscrito,,,staffordbeercollectionoperationsroom_p_42.tiff,operationsroom,sbc_b_62_operationsroom_p_42_th.png,,v,,,,,,
323,box_62,62,37,,,,,3/1/1972,,operationsroom,box_62b,diagram,,,,operations room,sbc_b_62_operationsroom_p_43_high.jpg,sbc_b_62_operationsroom_p_43_high.jpg,diagrama,,,staffordbeercollectionoperationsroom_p_43.tiff,operationsroom,sbc_b_62_operationsroom_p_43_th.png,,v,,,,,,
324,box_62,62,37,,,,,3/1/1972,,operationsroom,box_62b,diagram,,,,operations room,sbc_b_62_operationsroom_p_44_high.jpg,sbc_b_62_operationsroom_p_44_high.jpg,diagrama,,,staffordbeercollectionoperationsroom_p_44.tiff,operationsroom,sbc_b_62_operationsroom_p_44_th.png,,v,,,,,,
325,box_62,62,37,,,,,3/1/1972,,operationsroom,box_62b,hand-drawn_diagram,,,,operations room,sbc_b_62_operationsroom_p_45_high.jpg,sbc_b_62_operationsroom_p_45_high.jpg,diagrama_manuscrito,,,staffordbeercollectionoperationsroom_p_45.tiff,operationsroom,sbc_b_62_operationsroom_p_45_th.png,,v,,,,,,
326,box_62,62,37,,,,,3/1/1972,,operationsroom,box_62b,diagram,,,,operations room,sbc_b_62_operationsroom_p_46_high.jpg,sbc_b_62_operationsroom_p_46_high.jpg,diagrama,,,staffordbeercollectionoperationsroom_p_46.tiff,operationsroom,sbc_b_62_operationsroom_p_46_th.png,,v,,,,,,
327,box_62,62,37,,,,,3/1/1972,,operationsroom,box_62b,diagram,,,,operations room,sbc_b_62_operationsroom_p_47_high.jpg,sbc_b_62_operationsroom_p_47_high.jpg,diagrama,,,staffordbeercollectionoperationsroom_p_47.tiff,operationsroom,sbc_b_62_operationsroom_p_47_th.png,,v,,,,,,
328,box_62,62,37,,,,,3/1/1972,,operationsroom,box_62b,diagram,,,,operations room,sbc_b_62_operationsroom_p_48_high.jpg,sbc_b_62_operationsroom_p_48_high.jpg,diagrama,,,staffordbeercollectionoperationsroom_p_48.tiff,operationsroom,sbc_b_62_operationsroom_p_48_th.png,,v,,,,,,
329,box_62,62,37,,,,,3/1/1972,,operationsroom,box_62b,diagram,,,,operations room,sbc_b_62_operationsroom_p_49_high.jpg,sbc_b_62_operationsroom_p_49_high.jpg,diagrama,,,staffordbeercollectionoperationsroom_p_49.tiff,operationsroom,sbc_b_62_operationsroom_p_49_th.png,,v,,,,,,
330,box_62,62,37,,,,,3/1/1972,,operationsroom,box_62b,diagram,,,,operations room,sbc_b_62_operationsroom_p_50_high.jpg,sbc_b_62_operationsroom_p_50_high.jpg,diagrama,,,staffordbeercollectionoperationsroom_p_50.tiff,operationsroom,sbc_b_62_operationsroom_p_50_th.png,,v,,,,,,
331,box_62,62,37,,,,,3/1/1972,,operationsroom,box_62b,diagram,,,,operations room,sbc_b_62_operationsroom_p_51_high.jpg,sbc_b_62_operationsroom_p_51_high.jpg,diagrama,,,staffordbeercollectionoperationsroom_p_51.tiff,operationsroom,sbc_b_62_operationsroom_p_51_th.png,,v,,,,,,
332,box_62,62,38,,,p1,,15/03/1972,,presentationtothewholeteam,box_62b,manuscript,,,,presentation to the whole team,sbc_b_62_presentationtothewholeteam_p_00_high.jpg,sbc_b_62_presentationtothewholeteam_p_00_high.jpg,manuscrito,,,staffordbeercollectionpresentationtothewholeteam_p_00.tiff,presentationtothewholeteam,sbc_b_62_presentationtothewholeteam_p_00_th.png,,v,,,,,,
333,box_62,62,38,,,,,15/03/1972,,presentationtothewholeteam,box_62b,hand-drawn_diagram,,,,presentation to the whole team,sbc_b_62_presentationtothewholeteam_p_01_high.jpg,sbc_b_62_presentationtothewholeteam_p_01_high.jpg,diagrama_manuscrito,,,staffordbeercollectionpresentationtothewholeteam_p_01.tiff,presentationtothewholeteam,sbc_b_62_presentationtothewholeteam_p_01_th.png,,v,,,,,,
334,box_62,62,39,,,p1,,15/09/1972,,secondlettertogdcrosby,box_62b,official_document,,,,second letter to gd crosby,sbc_b_62_secondlettertogdcrosby_p_00_high.jpg,sbc_b_62_secondlettertogdcrosby_p_00_high.jpg,doc_oficial,,,staffordbeercollectionsecondlettertogdcrosby_p_00.tiff,secondlettertogdcrosby,sbc_b_62_secondlettertogdcrosby_p_00_th.png,,v,,,,,,
335,box_62,62,39,,,,,15/09/1972,,secondlettertogdcrosby,box_62b,official_document,,,,second letter to gd crosby,sbc_b_62_secondlettertogdcrosby_p_01_high.jpg,sbc_b_62_secondlettertogdcrosby_p_01_high.jpg,doc_oficial,,,staffordbeercollectionsecondlettertogdcrosby_p_01.tiff,secondlettertogdcrosby,sbc_b_62_secondlettertogdcrosby_p_01_th.png,,v,,,,,,
336,box_62,62,39,,,,,15/09/1972,,secondlettertogdcrosby,box_62b,official_document,,,,second letter to gd crosby,sbc_b_62_secondlettertogdcrosby_p_02_high.jpg,sbc_b_62_secondlettertogdcrosby_p_02_high.jpg,doc_oficial,,,staffordbeercollectionsecondlettertogdcrosby_p_02.tiff,secondlettertogdcrosby,sbc_b_62_secondlettertogdcrosby_p_02_th.png,,v,,,,,,
337,box_62,62,40,,,p1,,3/14/1972,,technomationmeetingsfirst,box_62b,manuscript,,,,technomation meetings first,sbc_b_62_technomationmeetingsfirst_p_00_high.jpg,sbc_b_62_technomationmeetingsfirst_p_00_high.jpg,manuscrito,,,staffordbeercollectiontechnomationmeetingsfirst_p_00.tiff,technomationmeetingsfirst,sbc_b_62_technomationmeetingsfirst_p_00_th.png,,v,,,,,,
338,box_62,62,40,,,,,3/14/1972,,technomationmeetingsfirst,box_62b,manuscript,,,,technomation meetings first,sbc_b_62_technomationmeetingsfirst_p_01_high.jpg,sbc_b_62_technomationmeetingsfirst_p_01_high.jpg,manuscrito,,,staffordbeercollectiontechnomationmeetingsfirst_p_01.tiff,technomationmeetingsfirst,sbc_b_62_technomationmeetingsfirst_p_01_th.png,,v,,,,,,
339,box_62,62,40,,,,,3/14/1972,,technomationmeetingsfirst,box_62b,manuscript,,,,technomation meetings first,sbc_b_62_technomationmeetingsfirst_p_02_high.jpg,sbc_b_62_technomationmeetingsfirst_p_02_high.jpg,manuscrito,,,staffordbeercollectiontechnomationmeetingsfirst_p_02.tiff,technomationmeetingsfirst,sbc_b_62_technomationmeetingsfirst_p_02_th.png,,v,,,,,,
340,box_62,62,40,,,,,3/14/1972,,technomationmeetingsfirst,box_62b,hand-drawn_diagram,,,,technomation meetings first,sbc_b_62_technomationmeetingsfirst_p_03_high.jpg,sbc_b_62_technomationmeetingsfirst_p_03_high.jpg,diagrama_manuscrito,,,staffordbeercollectiontechnomationmeetingsfirst_p_03.tiff,technomationmeetingsfirst,sbc_b_62_technomationmeetingsfirst_p_03_th.png,,v,,,,,,
341,box_62,62,40,,,,,3/14/1972,,technomationmeetingsfirst,box_62b,manuscript,,,,technomation meetings first,sbc_b_62_technomationmeetingsfirst_p_04_high.jpg,sbc_b_62_technomationmeetingsfirst_p_04_high.jpg,manuscrito,,,staffordbeercollectiontechnomationmeetingsfirst_p_04.tiff,technomationmeetingsfirst,sbc_b_62_technomationmeetingsfirst_p_04_th.png,,v,,,,,,
342,box_62,62,41,,,p1,,14/07/1972,,technomationmeetingsmemometfour,box_62b,official_document,,,,technomation meetings memot four,sbc_b_62_technomationmeetingsmemometfour_p_00_high.jpg,sbc_b_62_technomationmeetingsmemometfour_p_00_high.jpg,doc_oficial,,,staffordbeercollectiontechnomationmeetingsmemometfour_p_00.tiff,technomationmeetingsmemometfour,sbc_b_62_technomationmeetingsmemometfour_p_00_th.png,,v,,,,,,
343,box_62,62,41,,,,,14/07/1972,,technomationmeetingsmemometfour,box_62b,official_document,,,,technomation meetings memot four,sbc_b_62_technomationmeetingsmemometfour_p_01_high.jpg,sbc_b_62_technomationmeetingsmemometfour_p_01_high.jpg,doc_oficial,,,staffordbeercollectiontechnomationmeetingsmemometfour_p_01.tiff,technomationmeetingsmemometfour,sbc_b_62_technomationmeetingsmemometfour_p_01_th.png,,v,,,,,,
344,box_62,62,42,,,p1,,14/07/1972,,technomationmeetingsmemomethree,box_62b,official_document,,,,technomation meetings memo methree,sbc_b_62_technomationmeetingsmemomethree_p_00_high.jpg,sbc_b_62_technomationmeetingsmemomethree_p_00_high.jpg,doc_oficial,,,staffordbeercollectiontechnomationmeetingsmemomethree_p_00.tiff,technomationmeetingsmemomethree,sbc_b_62_technomationmeetingsmemomethree_p_00_th.png,,v,,,,,,
345,box_62,62,42,,,,,14/07/1972,,technomationmeetingsmemomethree,box_62b,official_document,,,,technomation meetings memo methree,sbc_b_62_technomationmeetingsmemomethree_p_01_high.jpg,sbc_b_62_technomationmeetingsmemomethree_p_01_high.jpg,doc_oficial,,,staffordbeercollectiontechnomationmeetingsmemomethree_p_01.tiff,technomationmeetingsmemomethree,sbc_b_62_technomationmeetingsmemomethree_p_01_th.png,,v,,,,,,
346,box_62,62,43,,,p1,,no date,,technomationmeetingsmemometone,box_62b,official_document,,,,technomation meetings memo tone,sbc_b_62_technomationmeetingsmemometone_p_00_high.jpg,sbc_b_62_technomationmeetingsmemometone_p_00_high.jpg,doc_oficial,,,staffordbeercollectiontechnomationmeetingsmemometone_p_00.tiff,technomationmeetingsmemometone,sbc_b_62_technomationmeetingsmemometone_p_00_th.png,,v,,,,,,
347,box_62,62,43,,,,,no date,,technomationmeetingsmemometone,box_62b,official_document,,,,technomation meetings memo tone,sbc_b_62_technomationmeetingsmemometone_p_01_high.jpg,sbc_b_62_technomationmeetingsmemometone_p_01_high.jpg,doc_oficial,,,staffordbeercollectiontechnomationmeetingsmemometone_p_01.tiff,technomationmeetingsmemometone,sbc_b_62_technomationmeetingsmemometone_p_01_th.png,,v,,,,,,
348,box_62,62,44,,,p1,,14/07/1972,,technomationmeetingsmemometwo,box_62b,official_document,,,,technomation meetings memo two,sbc_b_62_technomationmeetingsmemometwo_p_00_high.jpg,sbc_b_62_technomationmeetingsmemometwo_p_00_high.jpg,doc_oficial,,,staffordbeercollectiontechnomationmeetingsmemometwo_p_00.tiff,technomationmeetingsmemometwo,sbc_b_62_technomationmeetingsmemometwo_p_00_th.png,,v,,,,,,
349,box_62,62,44,,,,,14/07/1972,,technomationmeetingsmemometwo,box_62b,official_document,,,,technomation meetings memo two,sbc_b_62_technomationmeetingsmemometwo_p_01_high.jpg,sbc_b_62_technomationmeetingsmemometwo_p_01_high.jpg,doc_oficial,,,staffordbeercollectiontechnomationmeetingsmemometwo_p_01.tiff,technomationmeetingsmemometwo,sbc_b_62_technomationmeetingsmemometwo_p_01_th.png,,v,,,,,,
350,box_62,62,45,,,p1,,31/08/1972,,telex,box_62b,official_document,,,,telex,sbc_b_62_telex_p_00_high.jpg,sbc_b_62_telex_p_00_high.jpg,doc_oficial,,,staffordbeercollectiontelex_p_00.tiff,telex,sbc_b_62_telex_p_00_th.png,,v,,,,,,
351,box_63,63,46,,,p1,,07/72,,englandjuly1972lettertoaureliopeccei,box_63,official_document,,,,england july 1972 letter to aurelio peccei,sbc_b_63_englandjuly1972lettertoaureliopeccei_p_00_high.jpg,sbc_b_63_englandjuly1972lettertoaureliopeccei_p_00_high.jpg,doc_oficial,,,staffordbeercollectionenglandjuly1972lettertoaureliopeccei_p_00.tiff,englandjuly1972lettertoaureliopeccei,sbc_b_63_englandjuly1972lettertoaureliopeccei_p_00_th.png,,v,,,,,,
352,box_63,63,46,,,,,07/72,,englandjuly1972lettertoaureliopeccei,box_63,official_document,,,,england july 1972 letter to aurelio peccei,sbc_b_63_englandjuly1972lettertoaureliopeccei_p_01_high.jpg,sbc_b_63_englandjuly1972lettertoaureliopeccei_p_01_high.jpg,doc_oficial,,,staffordbeercollectionenglandjuly1972lettertoaureliopeccei_p_01.tiff,englandjuly1972lettertoaureliopeccei,sbc_b_63_englandjuly1972lettertoaureliopeccei_p_01_th.png,,v,,,,,,
353,box_63,63,47,,,p1,,07/72,,englandjuly1972threemessages,box_63,official_document,,,,england july 1972 three messages,sbc_b_63_englandjuly1972threemessages_p_00_high.jpg,sbc_b_63_englandjuly1972threemessages_p_00_high.jpg,doc_oficial,,,staffordbeercollectionenglandjuly1972threemessages_p_00.tiff,englandjuly1972threemessages,sbc_b_63_englandjuly1972threemessages_p_00_th.png,,v,,,,,,
354,box_63,63,47,,,,,07/72,,englandjuly1972threemessages,box_63,official_document,,,,england july 1972 three messages,sbc_b_63_englandjuly1972threemessages_p_01_high.jpg,sbc_b_63_englandjuly1972threemessages_p_01_high.jpg,doc_oficial,,,staffordbeercollectionenglandjuly1972threemessages_p_01.tiff,englandjuly1972threemessages,sbc_b_63_englandjuly1972threemessages_p_01_th.png,,v,,,,,,
355,box_63,63,47,,,,,07/72,,englandjuly1972threemessages,box_63,official_document,,,,england july 1972 three messages,sbc_b_63_englandjuly1972threemessages_p_02_high.jpg,sbc_b_63_englandjuly1972threemessages_p_02_high.jpg,doc_oficial,,,staffordbeercollectionenglandjuly1972threemessages_p_02.tiff,englandjuly1972threemessages,sbc_b_63_englandjuly1972threemessages_p_02_th.png,,v,,,,,,
356,box_63,63,48,,,p1,,25/08/1972,,jorge'svisitlettertoaldofabris,box_63,official_document,,,,jorge's visit letter to aldo fabris,sbc_b_63_jorge'svisitlettertoaldofabris_p_00_high.jpg,sbc_b_63_jorge'svisitlettertoaldofabris_p_00_high.jpg,doc_oficial,,,staffordbeercollectionjorge'svisitlettertoaldofabris_p_00.tiff,jorge'svisitlettertoaldofabris,sbc_b_63_jorge'svisitlettertoaldofabris_p_00_th.png,,v,,,,,,
357,box_63,63,49,,,p1,,no date,,jorge'svisittimetable,box_63,hand-drawn_diagram,,,,jorge's visittimetable,sbc_b_63_jorge'svisittimetable_p_00_high.jpg,sbc_b_63_jorge'svisittimetable_p_00_high.jpg,diagrama_manuscrito,,,staffordbeercollectionjorge'svisittimetable_p_00.tiff,jorge'svisittimetable,sbc_b_63_jorge'svisittimetable_p_00_th.png,,v,,,,,,
358,box_63,63,50,,,p1,,no date,,lastgleaningsinchileletterto'silenceforpeople',box_63,official_document,,,,last gleanings in chile letter to silence for people,sbc_b_63_lastgleaningsinchileletterto'silenceforpeople'_p_00_high.jpg,sbc_b_63_lastgleaningsinchileletterto'silenceforpeople'_p_00_high.jpg,doc_oficial,,,staffordbeercollectionlastgleaningsinchileletterto'silenceforpeople'_p_00.tiff,lastgleaningsinchileletterto'silenceforpeople',sbc_b_63_lastgleaningsinchileletterto'silenceforpeople'_p_00_th.png,,v,,,,,,
359,box_63,63,50,,,,,no date,,lastgleaningsinchileletterto'silenceforpeople',box_63,official_document,,,,last gleanings in chile letter to silence for people,sbc_b_63_lastgleaningsinchileletterto'silenceforpeople'_p_01_high.jpg,sbc_b_63_lastgleaningsinchileletterto'silenceforpeople'_p_01_high.jpg,doc_oficial,,,staffordbeercollectionlastgleaningsinchileletterto'silenceforpeople'_p_01.tiff,lastgleaningsinchileletterto'silenceforpeople',sbc_b_63_lastgleaningsinchileletterto'silenceforpeople'_p_01_th.png,,v,,,,,,
360,box_63,63,50,,,,,no date,,lastgleaningsinchileletterto'silenceforpeople',box_63,official_document,,,,last gleanings in chile letter to silence for people,sbc_b_63_lastgleaningsinchileletterto'silenceforpeople'_p_02_high.jpg,sbc_b_63_lastgleaningsinchileletterto'silenceforpeople'_p_02_high.jpg,doc_oficial,,,staffordbeercollectionlastgleaningsinchileletterto'silenceforpeople'_p_02.tiff,lastgleaningsinchileletterto'silenceforpeople',sbc_b_63_lastgleaningsinchileletterto'silenceforpeople'_p_02_th.png,,v,,,,,,
361,box_63,63,50,,,,,no date,,lastgleaningsinchileletterto'silenceforpeople',box_63,official_document,,,,last gleanings in chile letter to silence for people,sbc_b_63_lastgleaningsinchileletterto'silenceforpeople'_p_03_high.jpg,sbc_b_63_lastgleaningsinchileletterto'silenceforpeople'_p_03_high.jpg,doc_oficial,,,staffordbeercollectionlastgleaningsinchileletterto'silenceforpeople'_p_03.tiff,lastgleaningsinchileletterto'silenceforpeople',sbc_b_63_lastgleaningsinchileletterto'silenceforpeople'_p_03_th.png,,v,,,,,,
362,box_63,63,50,,,,,no date,,lastgleaningsinchileletterto'silenceforpeople',box_63,official_document,,,,last gleanings in chile letter to silence for people,sbc_b_63_lastgleaningsinchileletterto'silenceforpeople'_p_04_high.jpg,sbc_b_63_lastgleaningsinchileletterto'silenceforpeople'_p_04_high.jpg,doc_oficial,,,staffordbeercollectionlastgleaningsinchileletterto'silenceforpeople'_p_04.tiff,lastgleaningsinchileletterto'silenceforpeople',sbc_b_63_lastgleaningsinchileletterto'silenceforpeople'_p_04_th.png,,v,,,,,,
363,box_63,63,50,,,,,no date,,lastgleaningsinchileletterto'silenceforpeople',box_63,official_document,,,,last gleanings in chile letter to silence for people,sbc_b_63_lastgleaningsinchileletterto'silenceforpeople'_p_05_high.jpg,sbc_b_63_lastgleaningsinchileletterto'silenceforpeople'_p_05_high.jpg,doc_oficial,,,staffordbeercollectionlastgleaningsinchileletterto'silenceforpeople'_p_05.tiff,lastgleaningsinchileletterto'silenceforpeople',sbc_b_63_lastgleaningsinchileletterto'silenceforpeople'_p_05_th.png,,v,,,,,,
364,box_63,63,51,,,p1,,03/06/1973,,lastgleaningsinchilelettertochicho,box_63,official_document,,,,last gleanings in chile letter to chicho,sbc_b_63_lastgleaningsinchilelettertochicho_p_00_high.jpg,sbc_b_63_lastgleaningsinchilelettertochicho_p_00_high.jpg,doc_oficial,,,staffordbeercollectionlastgleaningsinchilelettertochicho_p_00.tiff,lastgleaningsinchilelettertochicho,sbc_b_63_lastgleaningsinchilelettertochicho_p_00_th.png,,v,,,,,,
365,box_63,63,51,,,,,03/06/1973,,lastgleaningsinchilelettertochicho,box_63,official_document,,,,last gleanings in chile letter to chicho,sbc_b_63_lastgleaningsinchilelettertochicho_p_01_high.jpg,sbc_b_63_lastgleaningsinchilelettertochicho_p_01_high.jpg,doc_oficial,,,staffordbeercollectionlastgleaningsinchilelettertochicho_p_01.tiff,lastgleaningsinchilelettertochicho,sbc_b_63_lastgleaningsinchilelettertochicho_p_01_th.png,,v,,,,,,
366,box_63,63,52,,,,,12/08/1973,,lastgleaningsinchilelettertojohnrossetti,box_63,official_document,,,,last gleanings in chile letter to john rossetti,sbc_b_63_lastgleaningsinchilelettertojohnrossetti_p_00_high.jpg,sbc_b_63_lastgleaningsinchilelettertojohnrossetti_p_00_high.jpg,doc_oficial,,,staffordbeercollectionlastgleaningsinchilelettertojohnrossetti_p_00.tiff,lastgleaningsinchilelettertojohnrossetti,sbc_b_63_lastgleaningsinchilelettertojohnrossetti_p_00_th.png,,v,,,,,,
367,box_63,63,53,,,p1,,no date,,lastgleaningsinchileuntitledlettertotheteam,box_63,manuscript,,,,last gleanings in chile untitled letter to the team,sbc_b_63_lastgleaningsinchileuntitledlettertotheteam_p_00_high.jpg,sbc_b_63_lastgleaningsinchileuntitledlettertotheteam_p_00_high.jpg,manuscrito,,,staffordbeercollectionlastgleaningsinchileuntitledlettertotheteam_p_00.tiff,lastgleaningsinchileuntitledlettertotheteam,sbc_b_63_lastgleaningsinchileuntitledlettertotheteam_p_00_th.png,,v,,,,,,
368,box_63,63,54,,,p1,,no date,,miscellaneacybersyn+cyberfolkprospects,box_63,manuscript,,,,miscellanea cybersyn cyberfolk prospects,sbc_b_63_miscellaneacybersyn+cyberfolkprospects_p_00_high.jpg,sbc_b_63_miscellaneacybersyn+cyberfolkprospects_p_00_high.jpg,manuscrito,,,staffordbeercollectionmiscellaneacybersyn+cyberfolkprospects_p_00.tiff,miscellaneacybersyn+cyberfolkprospects,sbc_b_63_miscellaneacybersyn+cyberfolkprospects_p_00_th.png,,v,,,,,,
369,box_63,63,55,,,p1,,no date,,miscellaneaphases1&2diagrams,box_63,hand-drawn_diagram,,,,miscellanea phases 1 & 2 diagrams,sbc_b_63_miscellaneaphases1&2diagrams_p_00_high.jpg,sbc_b_63_miscellaneaphases1&2diagrams_p_00_high.jpg,diagrama_manuscrito,,,staffordbeercollectionmiscellaneaphases1&2diagrams_p_00.tiff,miscellaneaphases1&2diagrams,sbc_b_63_miscellaneaphases1&2diagrams_p_00_th.png,,v,,,,,,
370,box_63,63,55,,,,,no date,,miscellaneaphases1&2diagrams,box_63,hand-drawn_diagram,,,,miscellanea phases 1 & 2 diagrams,sbc_b_63_miscellaneaphases1&2diagrams_p_01_high.jpg,sbc_b_63_miscellaneaphases1&2diagrams_p_01_high.jpg,diagrama_manuscrito,,,staffordbeercollectionmiscellaneaphases1&2diagrams_p_01.tiff,miscellaneaphases1&2diagrams,sbc_b_63_miscellaneaphases1&2diagrams_p_01_th.png,,v,,,,,,
371,box_63,63,56,,,p1,,no date,,miscellaneatyresperdaydiagram,box_63,hand-drawn_diagram,,,,miscellaneaty resperday diagram,sbc_b_63_miscellaneatyresperdaydiagram_p_00_high.jpg,sbc_b_63_miscellaneatyresperdaydiagram_p_00_high.jpg,diagrama_manuscrito,,,staffordbeercollectionmiscellaneatyresperdaydiagram_p_00.tiff,miscellaneatyresperdaydiagram,sbc_b_63_miscellaneatyresperdaydiagram_p_00_th.png,,v,,,,,,
372,box_63,63,57,,,p1,,23/02/1973,,paperssantiagojanuary1973contractfromcorporaciondefomentodelaproduccionchile,box_63,official_document,,,,papers santiago january 1973 contract from corporacion de fomento de la produccion chile,sbc_b_63_paperssantiagojanuary1973contractfromcorporaciondefomentodelaproduccionchile_p_00_high.jpg,sbc_b_63_paperssantiagojanuary1973contractfromcorporaciondefomentodelaproduccionchile_p_00_high.jpg,doc_oficial,,,staffordbeercollectionpaperssantiagojanuary1973contractfromcorporaciondefomentodelaproduccionchile_p_00.tiff,paperssantiagojanuary1973contractfromcorporaciondefomentodelaproduccionchile,sbc_b_63_paperssantiagojanuary1973contractfromcorporaciondefomentodelaproduccionchile_p_00_th.png,,v,,,,,,
373,box_63,63,57,,,,,23/02/1973,,paperssantiagojanuary1973contractfromcorporaciondefomentodelaproduccionchile,box_63,official_document,,,,papers santiago january 1973 contract from corporacion de fomento de la produccion chile,sbc_b_63_paperssantiagojanuary1973contractfromcorporaciondefomentodelaproduccionchile_p_01_high.jpg,sbc_b_63_paperssantiagojanuary1973contractfromcorporaciondefomentodelaproduccionchile_p_01_high.jpg,doc_oficial,,,staffordbeercollectionpaperssantiagojanuary1973contractfromcorporaciondefomentodelaproduccionchile_p_01.tiff,paperssantiagojanuary1973contractfromcorporaciondefomentodelaproduccionchile,sbc_b_63_paperssantiagojanuary1973contractfromcorporaciondefomentodelaproduccionchile_p_01_th.png,,v,,,,,,
374,box_63,63,58,,,p1,,05/04/1973,,paperssantiagojanuary1973lettertoherbertgrosch,box_63,manuscript,,,,papers santiago january 1973 letter to herbert grosch,sbc_b_63_paperssantiagojanuary1973lettertoherbertgrosch_p_00_high.jpg,sbc_b_63_paperssantiagojanuary1973lettertoherbertgrosch_p_00_high.jpg,manuscrito,,,staffordbeercollectionpaperssantiagojanuary1973lettertoherbertgrosch_p_00.tiff,paperssantiagojanuary1973lettertoherbertgrosch,sbc_b_63_paperssantiagojanuary1973lettertoherbertgrosch_p_00_th.png,,v,,,,,,
375,box_63,63,58,,,,,05/04/1973,,paperssantiagojanuary1973lettertoherbertgrosch,box_63,manuscript,,,,papers santiago january 1973 letter to herbert grosch,sbc_b_63_paperssantiagojanuary1973lettertoherbertgrosch_p_01_high.jpg,sbc_b_63_paperssantiagojanuary1973lettertoherbertgrosch_p_01_high.jpg,manuscrito,,,staffordbeercollectionpaperssantiagojanuary1973lettertoherbertgrosch_p_01.tiff,paperssantiagojanuary1973lettertoherbertgrosch,sbc_b_63_paperssantiagojanuary1973lettertoherbertgrosch_p_01_th.png,,v,,,,,,
376,box_63,63,59,,,p1,,01/04/1973,,paperssantiagojanuary1973lettertohsdcolesussexuniversity,box_63,official_document,,,,papers santiago january 1973 letter to hsd coles sussex university,sbc_b_63_paperssantiagojanuary1973lettertohsdcolesussexuniversity_p_00_high.jpg,sbc_b_63_paperssantiagojanuary1973lettertohsdcolesussexuniversity_p_00_high.jpg,doc_oficial,,,staffordbeercollectionpaperssantiagojanuary1973lettertohsdcolesussexuniversity_p_00.tiff,paperssantiagojanuary1973lettertohsdcolesussexuniversity,sbc_b_63_paperssantiagojanuary1973lettertohsdcolesussexuniversity_p_00_th.png,,v,,,,,,
377,box_63,63,60,,,p1,,no date,,paperssantiagojanuary1973welcometotheoperationsroomspeech,box_63,manuscript,,,,papers santiago january 1973 welcome to the operations room speech,sbc_b_63_paperssantiagojanuary1973welcometotheoperationsroomspeech_p_00_high.jpg,sbc_b_63_paperssantiagojanuary1973welcometotheoperationsroomspeech_p_00_high.jpg,manuscrito,,,staffordbeercollectionpaperssantiagojanuary1973welcometotheoperationsroomspeech_p_00.tiff,paperssantiagojanuary1973welcometotheoperationsroomspeech,sbc_b_63_paperssantiagojanuary1973welcometotheoperationsroomspeech_p_00_th.png,,v,,,,,,
378,box_63,63,60,,,,,no date,,paperssantiagojanuary1973welcometotheoperationsroomspeech,box_63,manuscript,,,,papers santiago january 1973 welcome to the operations room speech,sbc_b_63_paperssantiagojanuary1973welcometotheoperationsroomspeech_p_01_high.jpg,sbc_b_63_paperssantiagojanuary1973welcometotheoperationsroomspeech_p_01_high.jpg,manuscrito,,,staffordbeercollectionpaperssantiagojanuary1973welcometotheoperationsroomspeech_p_01.tiff,paperssantiagojanuary1973welcometotheoperationsroomspeech,sbc_b_63_paperssantiagojanuary1973welcometotheoperationsroomspeech_p_01_th.png,,v,,,,,,
379,box_63,63,60,,,,,no date,,paperssantiagojanuary1973welcometotheoperationsroomspeech,box_63,manuscript,,,,papers santiago january 1973 welcome to the operations room speech,sbc_b_63_paperssantiagojanuary1973welcometotheoperationsroomspeech_p_02_high.jpg,sbc_b_63_paperssantiagojanuary1973welcometotheoperationsroomspeech_p_02_high.jpg,manuscrito,,,staffordbeercollectionpaperssantiagojanuary1973welcometotheoperationsroomspeech_p_02.tiff,paperssantiagojanuary1973welcometotheoperationsroomspeech,sbc_b_63_paperssantiagojanuary1973welcometotheoperationsroomspeech_p_02_th.png,,v,,,,,,
380,box_64,64,61,,,,,11/1/1971,,cyberneticnotesontheeffectiveorganizationofthestate,box_64,manuscript,,,,cybernetic notes on the effective organization of the state,sbc_b_64_cyberneticnotesontheeffectiveorganizationofthestate_p_00_high.jpg,sbc_b_64_cyberneticnotesontheeffectiveorganizationofthestate_p_00_high.jpg,manuscrito,,,staffordbeercollectioncyberneticnotesontheeffectiveorganizationofthestate_p_00.tiff,cyberneticnotesontheeffectiveorganizationofthestate,sbc_b_64_cyberneticnotesontheeffectiveorganizationofthestate_p_00_th.png,,v,,,,,,
381,box_64,64,61,,,,,11/1/1971,,cyberneticnotesontheeffectiveorganizationofthestate,box_64,manuscript,,,,cybernetic notes on the effective organization of the state,sbc_b_64_cyberneticnotesontheeffectiveorganizationofthestate_p_01_high.jpg,sbc_b_64_cyberneticnotesontheeffectiveorganizationofthestate_p_01_high.jpg,manuscrito,,,staffordbeercollectioncyberneticnotesontheeffectiveorganizationofthestate_p_01.tiff,cyberneticnotesontheeffectiveorganizationofthestate,sbc_b_64_cyberneticnotesontheeffectiveorganizationofthestate_p_01_th.png,,v,,,,,,
382,box_64,64,61,,,,,11/1/1971,,cyberneticnotesontheeffectiveorganizationofthestate,box_64,hand-drawn_diagram,,,,cybernetic notes on the effective organization of the state,sbc_b_64_cyberneticnotesontheeffectiveorganizationofthestate_p_02_high.jpg,sbc_b_64_cyberneticnotesontheeffectiveorganizationofthestate_p_02_high.jpg,diagrama_manuscrito,,,staffordbeercollectioncyberneticnotesontheeffectiveorganizationofthestate_p_02.tiff,cyberneticnotesontheeffectiveorganizationofthestate,sbc_b_64_cyberneticnotesontheeffectiveorganizationofthestate_p_02_th.png,,v,,,,,,
383,box_64,64,61,,,,,11/1/1971,,cyberneticnotesontheeffectiveorganizationofthestate,box_64,hand-drawn_diagram,,,,cybernetic notes on the effective organization of the state,sbc_b_64_cyberneticnotesontheeffectiveorganizationofthestate_p_03_high.jpg,sbc_b_64_cyberneticnotesontheeffectiveorganizationofthestate_p_03_high.jpg,diagrama_manuscrito,,,staffordbeercollectioncyberneticnotesontheeffectiveorganizationofthestate_p_03.tiff,cyberneticnotesontheeffectiveorganizationofthestate,sbc_b_64_cyberneticnotesontheeffectiveorganizationofthestate_p_03_th.png,,v,,,,,,
384,box_64,64,61,,,,,11/1/1971,,cyberneticnotesontheeffectiveorganizationofthestate,box_64,hand-drawn_diagram,,,,cybernetic notes on the effective organization of the state,sbc_b_64_cyberneticnotesontheeffectiveorganizationofthestate_p_04_high.jpg,sbc_b_64_cyberneticnotesontheeffectiveorganizationofthestate_p_04_high.jpg,diagrama_manuscrito,,,staffordbeercollectioncyberneticnotesontheeffectiveorganizationofthestate_p_04.tiff,cyberneticnotesontheeffectiveorganizationofthestate,sbc_b_64_cyberneticnotesontheeffectiveorganizationofthestate_p_04_th.png,,v,,,,,,
385,box_64,64,61,,,,,11/1/1971,,cyberneticnotesontheeffectiveorganizationofthestate,box_64,official_document,,,,cybernetic notes on the effective organization of the state,sbc_b_64_cyberneticnotesontheeffectiveorganizationofthestate_p_05_high.jpg,sbc_b_64_cyberneticnotesontheeffectiveorganizationofthestate_p_05_high.jpg,doc_oficial,,,staffordbeercollectioncyberneticnotesontheeffectiveorganizationofthestate_p_05.tiff,cyberneticnotesontheeffectiveorganizationofthestate,sbc_b_64_cyberneticnotesontheeffectiveorganizationofthestate_p_05_th.png,,v,,,,,,
386,box_64,64,61,,,,,11/1/1971,,cyberneticnotesontheeffectiveorganizationofthestate,box_64,official_document,,,,cybernetic notes on the effective organization of the state,sbc_b_64_cyberneticnotesontheeffectiveorganizationofthestate_p_06_high.jpg,sbc_b_64_cyberneticnotesontheeffectiveorganizationofthestate_p_06_high.jpg,doc_oficial,,,staffordbeercollectioncyberneticnotesontheeffectiveorganizationofthestate_p_06.tiff,cyberneticnotesontheeffectiveorganizationofthestate,sbc_b_64_cyberneticnotesontheeffectiveorganizationofthestate_p_06_th.png,,v,,,,,,
387,box_64,64,61,,,,,11/1/1971,,cyberneticnotesontheeffectiveorganizationofthestate,box_64,hand-drawn_diagram,,,,cybernetic notes on the effective organization of the state,sbc_b_64_cyberneticnotesontheeffectiveorganizationofthestate_p_07_high.jpg,sbc_b_64_cyberneticnotesontheeffectiveorganizationofthestate_p_07_high.jpg,diagrama_manuscrito,,,staffordbeercollectioncyberneticnotesontheeffectiveorganizationofthestate_p_07.tiff,cyberneticnotesontheeffectiveorganizationofthestate,sbc_b_64_cyberneticnotesontheeffectiveorganizationofthestate_p_07_th.png,,v,,,,,,
388,box_64,64,61,,,,,11/1/1971,,cyberneticnotesontheeffectiveorganizationofthestate,box_64,hand-drawn_diagram,,,,cybernetic notes on the effective organization of the state,sbc_b_64_cyberneticnotesontheeffectiveorganizationofthestate_p_08_high.jpg,sbc_b_64_cyberneticnotesontheeffectiveorganizationofthestate_p_08_high.jpg,diagrama_manuscrito,,,staffordbeercollectioncyberneticnotesontheeffectiveorganizationofthestate_p_08.tiff,cyberneticnotesontheeffectiveorganizationofthestate,sbc_b_64_cyberneticnotesontheeffectiveorganizationofthestate_p_08_th.png,,v,,,,,,
389,box_64,64,61,,,,,11/1/1971,,cyberneticnotesontheeffectiveorganizationofthestate,box_64,official_document,,,,cybernetic notes on the effective organization of the state,sbc_b_64_cyberneticnotesontheeffectiveorganizationofthestate_p_09_high.jpg,sbc_b_64_cyberneticnotesontheeffectiveorganizationofthestate_p_09_high.jpg,doc_oficial,,,staffordbeercollectioncyberneticnotesontheeffectiveorganizationofthestate_p_09.tiff,cyberneticnotesontheeffectiveorganizationofthestate,sbc_b_64_cyberneticnotesontheeffectiveorganizationofthestate_p_09_th.png,,v,,,,,,
390,box_64,64,61,,,,,11/1/1971,,cyberneticnotesontheeffectiveorganizationofthestate,box_64,hand-drawn_diagram,,,,cybernetic notes on the effective organization of the state,sbc_b_64_cyberneticnotesontheeffectiveorganizationofthestate_p_10_high.jpg,sbc_b_64_cyberneticnotesontheeffectiveorganizationofthestate_p_10_high.jpg,diagrama_manuscrito,,,staffordbeercollectioncyberneticnotesontheeffectiveorganizationofthestate_p_10.tiff,cyberneticnotesontheeffectiveorganizationofthestate,sbc_b_64_cyberneticnotesontheeffectiveorganizationofthestate_p_10_th.png,,v,,,,,,
391,box_64,64,61,,,,,11/1/1971,,cyberneticnotesontheeffectiveorganizationofthestate,box_64,official_document,,,,cybernetic notes on the effective organization of the state,sbc_b_64_cyberneticnotesontheeffectiveorganizationofthestate_p_11_high.jpg,sbc_b_64_cyberneticnotesontheeffectiveorganizationofthestate_p_11_high.jpg,doc_oficial,,,staffordbeercollectioncyberneticnotesontheeffectiveorganizationofthestate_p_11.tiff,cyberneticnotesontheeffectiveorganizationofthestate,sbc_b_64_cyberneticnotesontheeffectiveorganizationofthestate_p_11_th.png,,v,,,,,,
392,box_64,64,61,,,,,11/1/1971,,cyberneticnotesontheeffectiveorganizationofthestate,box_64,official_document,,,,cybernetic notes on the effective organization of the state,sbc_b_64_cyberneticnotesontheeffectiveorganizationofthestate_p_12_high.jpg,sbc_b_64_cyberneticnotesontheeffectiveorganizationofthestate_p_12_high.jpg,doc_oficial,,,staffordbeercollectioncyberneticnotesontheeffectiveorganizationofthestate_p_12.tiff,cyberneticnotesontheeffectiveorganizationofthestate,sbc_b_64_cyberneticnotesontheeffectiveorganizationofthestate_p_12_th.png,,v,,,,,,
393,box_64,64,61,,,,,11/1/1971,,cyberneticnotesontheeffectiveorganizationofthestate,box_64,hand-drawn_diagram,,,,cybernetic notes on the effective organization of the state,sbc_b_64_cyberneticnotesontheeffectiveorganizationofthestate_p_13_high.jpg,sbc_b_64_cyberneticnotesontheeffectiveorganizationofthestate_p_13_high.jpg,diagrama_manuscrito,,,staffordbeercollectioncyberneticnotesontheeffectiveorganizationofthestate_p_13.tiff,cyberneticnotesontheeffectiveorganizationofthestate,sbc_b_64_cyberneticnotesontheeffectiveorganizationofthestate_p_13_th.png,,v,,,,,,
394,box_64,64,61,,,,,11/1/1971,,cyberneticnotesontheeffectiveorganizationofthestate,box_64,hand-drawn_diagram,,,,cybernetic notes on the effective organization of the state,sbc_b_64_cyberneticnotesontheeffectiveorganizationofthestate_p_14_high.jpg,sbc_b_64_cyberneticnotesontheeffectiveorganizationofthestate_p_14_high.jpg,diagrama_manuscrito,,,staffordbeercollectioncyberneticnotesontheeffectiveorganizationofthestate_p_14.tiff,cyberneticnotesontheeffectiveorganizationofthestate,sbc_b_64_cyberneticnotesontheeffectiveorganizationofthestate_p_14_th.png,,v,,,,,,
395,box_64,64,62,,,,,5/1/1972,,cybersynadescriptionoftherecursivestructure,box_64,manuscript,,,,cybersyn ade scription of the recursive structure,sbc_b_64_cybersynadescriptionoftherecursivestructure_p_00_high.jpg,sbc_b_64_cybersynadescriptionoftherecursivestructure_p_00_high.jpg,manuscrito,,,staffordbeercollectioncybersynadescriptionoftherecursivestructure_p_00.tiff,cybersynadescriptionoftherecursivestructure,sbc_b_64_cybersynadescriptionoftherecursivestructure_p_00_th.png,,v,,,,,,
396,box_64,64,62,,,,,5/1/1972,,cybersynadescriptionoftherecursivestructure,box_64,manuscript,,,,cybersyn ade scription of the recursive structure,sbc_b_64_cybersynadescriptionoftherecursivestructure_p_01_high.jpg,sbc_b_64_cybersynadescriptionoftherecursivestructure_p_01_high.jpg,manuscrito,,,staffordbeercollectioncybersynadescriptionoftherecursivestructure_p_01.tiff,cybersynadescriptionoftherecursivestructure,sbc_b_64_cybersynadescriptionoftherecursivestructure_p_01_th.png,,v,,,,,,
397,box_64,64,62,,,,,5/1/1972,,cybersynadescriptionoftherecursivestructure,box_64,manuscript,,,,cybersyn ade scription of the recursive structure,sbc_b_64_cybersynadescriptionoftherecursivestructure_p_02_high.jpg,sbc_b_64_cybersynadescriptionoftherecursivestructure_p_02_high.jpg,manuscrito,,,staffordbeercollectioncybersynadescriptionoftherecursivestructure_p_02.tiff,cybersynadescriptionoftherecursivestructure,sbc_b_64_cybersynadescriptionoftherecursivestructure_p_02_th.png,,v,,,,,,
398,box_64,64,62,,,,,5/1/1972,,cybersynadescriptionoftherecursivestructure,box_64,hand-drawn_diagram,,,,cybersyn ade description of the recursive structure,sbc_b_64_cybersynadescriptionoftherecursivestructure_p_03_high.jpg,sbc_b_64_cybersynadescriptionoftherecursivestructure_p_03_high.jpg,diagrama_manuscrito,,,staffordbeercollectioncybersynadescriptionoftherecursivestructure_p_03.tiff,cybersynadescriptionoftherecursivestructure,sbc_b_64_cybersynadescriptionoftherecursivestructure_p_03_th.png,,v,,,,,,
399,box_64,64,63,,,,,4/1/1972,,datafeed,box_64,manuscript,,,,data feed,sbc_b_64_datafeed_p_00_high.jpg,sbc_b_64_datafeed_p_00_high.jpg,manuscrito,,,staffordbeercollectiondatafeed_p_00.tiff,datafeed,sbc_b_64_datafeed_p_00_th.png,,v,,,,,,
400,box_64,64,63,,,,,4/1/1972,,datafeed,box_64,hand-drawn_diagram,,,,data feed,sbc_b_64_datafeed_p_01_high.jpg,sbc_b_64_datafeed_p_01_high.jpg,diagrama_manuscrito,,,staffordbeercollectiondatafeed_p_01.tiff,datafeed,sbc_b_64_datafeed_p_01_th.png,,v,,,,,,
401,box_64,64,63,,,,,4/1/1972,,datafeed,box_64,hand-drawn_diagram,,,,data feed,sbc_b_64_datafeed_p_02_high.jpg,sbc_b_64_datafeed_p_02_high.jpg,diagrama_manuscrito,,,staffordbeercollectiondatafeed_p_02.tiff,datafeed,sbc_b_64_datafeed_p_02_th.png,,v,,,,,,
402,box_64,64,63,,,,,4/1/1972,,datafeed,box_64,hand-drawn_diagram,,,,data feed,sbc_b_64_datafeed_p_03_high.jpg,sbc_b_64_datafeed_p_03_high.jpg,diagrama_manuscrito,,,staffordbeercollectiondatafeed_p_03.tiff,datafeed,sbc_b_64_datafeed_p_03_th.png,,v,,,,,,
403,box_64,64,63,,,,,4/1/1972,,datafeed,box_64,official_document,,,,data feed,sbc_b_64_datafeed_p_04_high.jpg,sbc_b_64_datafeed_p_04_high.jpg,doc_oficial,,,staffordbeercollectiondatafeed_p_04.tiff,datafeed,sbc_b_64_datafeed_p_04_th.png,,v,,,,,,
404,box_64,64,63,,,,,4/1/1972,,datafeed,box_64,hand-drawn_diagram,,,,data feed,sbc_b_64_datafeed_p_05_high.jpg,sbc_b_64_datafeed_p_05_high.jpg,diagrama_manuscrito,,,staffordbeercollectiondatafeed_p_05.tiff,datafeed,sbc_b_64_datafeed_p_05_th.png,,v,,,,,,
405,box_64,64,64,,,,,27/04/1973,,decybernation,box_64,manuscript,,,,decybernation,sbc_b_64_decybernation_p_00_high.jpg,sbc_b_64_decybernation_p_00_high.jpg,manuscrito,,,staffordbeercollectiondecybernation_p_00.tiff,decybernation,sbc_b_64_decybernation_p_00_th.png,,v,,,,,,
406,box_64,64,64,,,,,27/04/1973,,decybernation,box_64,manuscript,,,,decybernation,sbc_b_64_decybernation_p_01_high.jpg,sbc_b_64_decybernation_p_01_high.jpg,manuscrito,,,staffordbeercollectiondecybernation_p_01.tiff,decybernation,sbc_b_64_decybernation_p_01_th.png,,v,,,,,,
407,box_64,64,64,,,,,27/04/1973,,decybernation,box_64,manuscript,,,,decybernation,sbc_b_64_decybernation_p_02_high.jpg,sbc_b_64_decybernation_p_02_high.jpg,manuscrito,,,staffordbeercollectiondecybernation_p_02.tiff,decybernation,sbc_b_64_decybernation_p_02_th.png,,v,,,,,,
408,box_64,64,64,,,,,27/04/1973,,decybernation,box_64,manuscript,,,,decybernation,sbc_b_64_decybernation_p_03_high.jpg,sbc_b_64_decybernation_p_03_high.jpg,manuscrito,,,staffordbeercollectiondecybernation_p_03.tiff,decybernation,sbc_b_64_decybernation_p_03_th.png,,v,,,,,,
409,box_64,64,64,,,,,27/04/1973,,decybernation,box_64,manuscript,,,,decybernation,sbc_b_64_decybernation_p_04_high.jpg,sbc_b_64_decybernation_p_04_high.jpg,manuscrito,,,staffordbeercollectiondecybernation_p_04.tiff,decybernation,sbc_b_64_decybernation_p_04_th.png,,v,,,,,,
410,box_64,64,64,,,,,27/04/1973,,decybernation,box_64,manuscript,,,,decybernation,sbc_b_64_decybernation_p_05_high.jpg,sbc_b_64_decybernation_p_05_high.jpg,manuscrito,,,staffordbeercollectiondecybernation_p_05.tiff,decybernation,sbc_b_64_decybernation_p_05_th.png,,v,,,,,,
411,box_64,64,64,,,,,27/04/1973,,decybernation,box_64,manuscript,,,,decybernation,sbc_b_64_decybernation_p_06_high.jpg,sbc_b_64_decybernation_p_06_high.jpg,manuscrito,,,staffordbeercollectiondecybernation_p_06.tiff,decybernation,sbc_b_64_decybernation_p_06_th.png,,v,,,,,,
412,box_64,64,64,,,,,27/04/1973,,decybernation,box_64,manuscript,,,,decybernation,sbc_b_64_decybernation_p_07_high.jpg,sbc_b_64_decybernation_p_07_high.jpg,manuscrito,,,staffordbeercollectiondecybernation_p_07.tiff,decybernation,sbc_b_64_decybernation_p_07_th.png,,v,,,,,,
413,box_64,64,64,,,,,27/04/1973,,decybernation,box_64,manuscript,,,,decybernation,sbc_b_64_decybernation_p_08_high.jpg,sbc_b_64_decybernation_p_08_high.jpg,manuscrito,,,staffordbeercollectiondecybernation_p_08.tiff,decybernation,sbc_b_64_decybernation_p_08_th.png,,v,,,,,,
414,box_64,64,64,,,,,27/04/1973,,decybernation,box_64,manuscript,,,,decybernation,sbc_b_64_decybernation_p_09_high.jpg,sbc_b_64_decybernation_p_09_high.jpg,manuscrito,,,staffordbeercollectiondecybernation_p_09.tiff,decybernation,sbc_b_64_decybernation_p_09_th.png,,v,,,,,,
415,box_64,64,65,,,,,no date,,theproblemofvarietyamplificationfortheproject,box_64,manuscript,,,,the problem of variety amplification for the project,sbc_b_64_theproblemofvarietyamplificationfortheproject_p_00_high.jpg,sbc_b_64_theproblemofvarietyamplificationfortheproject_p_00_high.jpg,manuscrito,,,staffordbeercollectiontheproblemofvarietyamplificationfortheproject_p_00.tiff,theproblemofvarietyamplificationfortheproject,sbc_b_64_theproblemofvarietyamplificationfortheproject_p_00_th.png,,v,,,,,,
416,box_64,64,65,,,,,no date,,theproblemofvarietyamplificationfortheproject,box_64,manuscript,,,,the problem of variety amplification for the project,sbc_b_64_theproblemofvarietyamplificationfortheproject_p_01_high.jpg,sbc_b_64_theproblemofvarietyamplificationfortheproject_p_01_high.jpg,manuscrito,,,staffordbeercollectiontheproblemofvarietyamplificationfortheproject_p_01.tiff,theproblemofvarietyamplificationfortheproject,sbc_b_64_theproblemofvarietyamplificationfortheproject_p_01_th.png,,v,,,,,,
417,box_64,64,65,,,,,no date,,theproblemofvarietyamplificationfortheproject,box_64,manuscript,,,,the problem of variety amplification for the project,sbc_b_64_theproblemofvarietyamplificationfortheproject_p_02_high.jpg,sbc_b_64_theproblemofvarietyamplificationfortheproject_p_02_high.jpg,manuscrito,,,staffordbeercollectiontheproblemofvarietyamplificationfortheproject_p_02.tiff,theproblemofvarietyamplificationfortheproject,sbc_b_64_theproblemofvarietyamplificationfortheproject_p_02_th.png,,v,,,,,,
418,box_64,64,65,,,,,no date,,theproblemofvarietyamplificationfortheproject,box_64,manuscript,,,,the problem of variety amplification for the project,sbc_b_64_theproblemofvarietyamplificationfortheproject_p_03_high.jpg,sbc_b_64_theproblemofvarietyamplificationfortheproject_p_03_high.jpg,manuscrito,,,staffordbeercollectiontheproblemofvarietyamplificationfortheproject_p_03.tiff,theproblemofvarietyamplificationfortheproject,sbc_b_64_theproblemofvarietyamplificationfortheproject_p_03_th.png,,v,,,,,,
419,box_64,64,65,,,,,no date,,theproblemofvarietyamplificationfortheproject,box_64,manuscript,,,,the problem of variety amplification for the project,sbc_b_64_theproblemofvarietyamplificationfortheproject_p_04_high.jpg,sbc_b_64_theproblemofvarietyamplificationfortheproject_p_04_high.jpg,manuscrito,,,staffordbeercollectiontheproblemofvarietyamplificationfortheproject_p_04.tiff,theproblemofvarietyamplificationfortheproject,sbc_b_64_theproblemofvarietyamplificationfortheproject_p_04_th.png,,v,,,,,,
420,box_64,64,65,,,,,no date,,theproblemofvarietyamplificationfortheproject,box_64,manuscript,,,,the problem of variety amplification for the project,sbc_b_64_theproblemofvarietyamplificationfortheproject_p_05_high.jpg,sbc_b_64_theproblemofvarietyamplificationfortheproject_p_05_high.jpg,manuscrito,,,staffordbeercollectiontheproblemofvarietyamplificationfortheproject_p_05.tiff,theproblemofvarietyamplificationfortheproject,sbc_b_64_theproblemofvarietyamplificationfortheproject_p_05_th.png,,v,,,,,,